Date,Adj Close,Close,High,Low,Open,Volume
2025-01-02,0.2663484811782837,2.3550000190734863,2.3550000190734863,2.3550000190734863,2.3550000190734863,0
2025-01-03,0.2731344699859619,2.4149999618530273,2.4149999618530273,2.4149999618530273,2.4149999618530273,0
2025-01-06,0.27709293365478516,2.450000047683716,2.450000047683716,2.450000047683716,2.450000047683716,0
2025-01-07,0.27935490012168884,2.4700000286102295,2.4700000286102295,2.4700000286102295,2.4700000286102295,0
2025-01-08,0.27935490012168884,2.4700000286102295,2.4700000286102295,2.4700000286102295,2.4700000286102295,0
2025-01-09,0.27935490012168884,2.4700000286102295,2.4700000286102295,2.4700000286102295,2.4700000286102295,0
2025-01-10,0.27709293365478516,2.450000047683716,2.450000047683716,2.450000047683716,2.450000047683716,0
2025-01-13,0.2867063879966736,2.5350000858306885,2.5350000858306885,2.5350000858306885,2.5350000858306885,0
2025-01-14,0.2867063879966736,2.5350000858306885,2.5350000858306885,2.5350000858306885,2.5350000858306885,0
2025-01-15,0.2867063879966736,2.5350000858306885,2.5350000858306885,2.5350000858306885,2.5350000858306885,0
2025-01-16,0.2867063879966736,2.5350000858306885,2.5350000858306885,2.5350000858306885,2.5350000858306885,0
2025-01-17,0.2929268181324005,2.5899999141693115,2.5899999141693115,2.5899999141693115,2.5899999141693115,0
2025-01-20,0.29405778646469116,2.5999999046325684,2.5999999046325684,2.5999999046325684,2.5999999046325684,0
2025-01-21,0.29405778646469116,2.5999999046325684,2.5999999046325684,2.5999999046325684,2.5999999046325684,0
2025-01-22,0.28614088892936707,2.5299999713897705,2.5299999713897705,2.5299999713897705,2.5299999713897705,0
2025-01-23,0.28614088892936707,2.5299999713897705,2.5299999713897705,2.5299999713897705,2.5299999713897705,0
2025-01-24,0.28614088892936707,2.5299999713897705,2.5299999713897705,2.5299999713897705,2.5299999713897705,0
2025-01-27,0.27878937125205994,2.4649999141693115,2.4649999141693115,2.4649999141693115,2.4649999141693115,0
2025-01-28,0.27709293365478516,2.450000047683716,2.450000047683716,2.450000047683716,2.450000047683716,0
2025-01-29,0.27709293365478516,2.450000047683716,2.450000047683716,2.450000047683716,2.450000047683716,0
2025-01-30,0.27426543831825256,2.424999952316284,2.424999952316284,2.424999952316284,2.424999952316284,0
2025-01-31,0.27426543831825256,2.424999952316284,2.424999952316284,2.424999952316284,2.424999952316284,0
2025-02-03,0.2720034718513489,2.4049999713897705,2.4049999713897705,2.4049999713897705,2.4049999713897705,0
2025-02-04,0.2720034718513489,2.4049999713897705,2.4049999713897705,2.4049999713897705,2.4049999713897705,0
2025-02-05,0.27426543831825256,2.424999952316284,2.424999952316284,2.424999952316284,2.424999952316284,0
2025-02-06,0.27426543831825256,2.424999952316284,2.424999952316284,2.424999952316284,2.424999952316284,0
2025-02-07,0.2759619653224945,2.440000057220459,2.440000057220459,2.440000057220459,2.440000057220459,0
2025-02-10,0.2810513973236084,2.484999895095825,2.484999895095825,2.484999895095825,2.484999895095825,0
2025-02-11,0.28557538986206055,2.5250000953674316,2.5250000953674316,2.5250000953674316,2.5250000953674316,0
2025-02-12,0.28614088892936707,2.5299999713897705,2.5299999713897705,2.5299999713897705,2.5299999713897705,0
2025-02-13,0.28274789452552795,2.5,2.5,2.5,2.5,0
2025-02-14,0.2725690007209778,2.4100000858306885,2.4100000858306885,2.4100000858306885,2.4100000858306885,0
2025-02-17,0.26804500818252563,2.369999885559082,2.369999885559082,2.369999885559082,2.369999885559082,0
2025-02-18,0.26804500818252563,2.369999885559082,2.369999885559082,2.369999885559082,2.369999885559082,0
2025-02-19,0.26804500818252563,2.369999885559082,2.369999885559082,2.369999885559082,2.369999885559082,0
2025-02-20,0.2725690007209778,2.4100000858306885,2.4100000858306885,2.4100000858306885,2.4100000858306885,0
2025-02-21,0.26804500818252563,2.369999885559082,2.369999885559082,2.369999885559082,2.369999885559082,0
2025-02-24,0.26861047744750977,2.375,2.375,2.375,2.375,0
2025-02-25,0.2731344699859619,2.4149999618530273,2.4149999618530273,2.4149999618530273,2.4149999618530273,0
2025-02-26,0.2844443619251251,2.515000104904175,2.515000104904175,2.515000104904175,2.515000104904175,0
2025-02-27,0.2720034718513489,2.4049999713897705,2.4049999713897705,2.4049999713897705,2.4049999713897705,0
2025-02-28,0.2669140100479126,2.359999895095825,2.359999895095825,2.359999895095825,2.359999895095825,0
2025-03-03,0.2669140100479126,2.359999895095825,2.359999895095825,2.359999895095825,2.359999895095825,0
2025-03-04,0.2635210156440735,2.3299999237060547,2.3299999237060547,2.3299999237060547,2.3299999237060547,0
2025-03-05,0.3458113372325897,2.1600000858306885,2.1600000858306885,2.1600000858306885,2.1600000858306885,0
2025-03-06,0.3241981267929077,2.0250000953674316,2.0250000953674316,2.0250000953674316,2.0250000953674316,0
2025-03-07,0.3265995979309082,2.0399999618530273,2.0399999618530273,2.0399999618530273,2.0399999618530273,0
2025-03-10,0.3546167016029358,2.2149999141693115,2.2149999141693115,2.2149999141693115,2.2149999141693115,0
2025-03-11,0.3530157208442688,2.2049999237060547,2.2049999237060547,2.2049999237060547,2.2049999237060547,0
2025-03-12,0.3514147400856018,2.194999933242798,2.194999933242798,2.194999933242798,2.194999933242798,0
2025-03-13,0.3554171919822693,2.2200000286102295,2.2200000286102295,2.2200000286102295,2.2200000286102295,0
2025-03-14,0.3554171919822693,2.2200000286102295,2.2200000286102295,2.2200000286102295,2.2200000286102295,0
2025-03-17,0.3538162112236023,2.2100000381469727,2.2100000381469727,2.2100000381469727,2.2100000381469727,0
2025-03-18,0.3538162112236023,2.2100000381469727,2.2100000381469727,2.2100000381469727,2.2100000381469727,0
2025-03-19,0.3554171919822693,2.2200000286102295,2.2200000286102295,2.2200000286102295,2.2200000286102295,0
2025-03-20,0.36182111501693726,2.259999990463257,2.259999990463257,2.259999990463257,2.259999990463257,0
2025-03-21,0.36662399768829346,2.2899999618530273,2.2899999618530273,2.2899999618530273,2.2899999618530273,0
2025-03-24,0.36662399768829346,2.2899999618530273,2.2899999618530273,2.2899999618530273,2.2899999618530273,0
2025-03-25,0.36022013425827026,2.25,2.25,2.25,2.25,0
2025-03-26,0.3754293918609619,2.3450000286102295,2.3450000286102295,2.3450000286102295,2.3450000286102295,0
2025-03-27,0.38823723793029785,2.424999952316284,2.424999952316284,2.424999952316284,2.424999952316284,0
2025-03-28,0.38823723793029785,2.424999952316284,2.424999952316284,2.424999952316284,2.424999952316284,0
2025-03-31,0.38823723793029785,2.424999952316284,2.424999952316284,2.424999952316284,2.424999952316284,0
2025-04-01,0.38823723793029785,2.424999952316284,2.424999952316284,2.424999952316284,2.424999952316284,0
2025-04-02,0.38823723793029785,2.424999952316284,2.424999952316284,2.424999952316284,2.424999952316284,0
2025-04-03,0.3786313533782959,2.365000009536743,2.365000009536743,2.365000009536743,2.365000009536743,0
2025-04-04,0.3506142497062683,2.190000057220459,2.190000057220459,2.190000057220459,2.190000057220459,0
2025-04-07,0.3118705749511719,1.9479999542236328,1.9479999542236328,1.9479999542236328,1.9479999542236328,0
2025-04-08,0.3118705749511719,1.9479999542236328,1.9479999542236328,1.9479999542236328,1.9479999542236328,0
2025-04-09,0.3093090355396271,1.9320000410079956,1.9320000410079956,1.9320000410079956,1.9320000410079956,0
2025-04-10,0.3032252788543701,1.8940000534057617,1.8940000534057617,1.8940000534057617,1.8940000534057617,0
2025-04-11,0.3032252788543701,1.8940000534057617,1.8940000534057617,1.8940000534057617,1.8940000534057617,0
2025-04-14,0.29714155197143555,1.8559999465942383,1.8559999465942383,1.8559999465942383,1.8559999465942383,0
2025-04-15,0.29714155197143555,1.8559999465942383,1.8559999465942383,1.8559999465942383,1.8559999465942383,0
2025-04-16,0.29714155197143555,1.8559999465942383,1.8559999465942383,1.8559999465942383,1.8559999465942383,0
2025-04-17,0.3019445240497589,1.8860000371932983,1.8860000371932983,1.8860000371932983,1.8860000371932983,0
2025-04-22,0.3029050827026367,1.8919999599456787,1.8919999599456787,1.8919999599456787,1.8919999599456787,0
2025-04-23,0.3073878586292267,1.9199999570846558,1.9199999570846558,1.9199999570846558,1.9199999570846558,0
2025-04-24,0.3073878586292267,1.9199999570846558,1.9199999570846558,1.9199999570846558,1.9199999570846558,0
2025-04-25,0.3073878586292267,1.9199999570846558,1.9199999570846558,1.9199999570846558,1.9199999570846558,0
2025-04-28,0.3086685836315155,1.9279999732971191,1.9279999732971191,1.9279999732971191,1.9279999732971191,0
2025-04-29,0.3115503787994385,1.9459999799728394,1.9459999799728394,1.9459999799728394,1.9459999799728394,0
2025-04-30,0.3115503787994385,1.9459999799728394,1.9459999799728394,1.9459999799728394,1.9459999799728394,0
2025-05-02,0.3115503787994385,1.9459999799728394,1.9459999799728394,1.9459999799728394,1.9459999799728394,0
2025-05-05,0.3115503787994385,1.9459999799728394,1.9459999799728394,1.9459999799728394,1.9459999799728394,0
2025-05-06,0.3089887797832489,1.9299999475479126,1.9299999475479126,1.9299999475479126,1.9299999475479126,0
2025-05-07,0.3099493980407715,1.9359999895095825,1.9359999895095825,1.9359999895095825,1.9359999895095825,0
2025-05-08,0.3099493980407715,1.9359999895095825,1.9359999895095825,1.9359999895095825,1.9359999895095825,0
2025-05-09,0.31219080090522766,1.9500000476837158,1.9500000476837158,1.9500000476837158,1.9500000476837158,0
2025-05-12,0.3249986171722412,2.0299999713897705,2.0299999713897705,2.0299999713897705,2.0299999713897705,0
2025-05-13,0.33860695362091064,2.115000009536743,2.115000009536743,2.115000009536743,2.115000009536743,0
2025-05-14,0.34180885553359985,2.134999990463257,2.134999990463257,2.134999990463257,2.134999990463257,0
2025-05-15,0.3474123179912567,2.1700000762939453,2.1700000762939453,2.1700000762939453,2.1700000762939453,0
2025-05-16,0.34260937571525574,2.140000104904175,2.140000104904175,2.140000104904175,2.140000104904175,0
2025-05-19,0.34260937571525574,2.140000104904175,2.140000104904175,2.140000104904175,2.140000104904175,0
2025-05-20,0.34020790457725525,2.125,2.125,2.125,2.125,0
2025-05-21,0.34020790457725525,2.125,2.125,2.125,2.125,0
2025-05-22,0.34020790457725525,2.125,2.125,2.125,2.125,0
2025-05-23,0.3354049623012543,2.0950000286102295,2.0950000286102295,2.0950000286102295,2.0950000286102295,0
2025-05-26,0.3354049623012543,2.0950000286102295,2.0950000286102295,2.0950000286102295,2.0950000286102295,0
2025-05-27,0.3354049623012543,2.0950000286102295,2.0950000286102295,2.0950000286102295,2.0950000286102295,0
2025-05-28,0.33700594305992126,2.1050000190734863,2.1050000190734863,2.1050000190734863,2.1050000190734863,0
2025-05-29,0.3450108468532562,2.1549999713897705,2.1549999713897705,2.1549999713897705,2.1549999713897705,0
2025-05-30,0.3490132689476013,2.180000066757202,2.180000066757202,2.180000066757202,2.180000066757202,0
2025-06-02,0.4910915493965149,2.1050000190734863,2.1050000190734863,2.1050000190734863,2.1050000190734863,0
2025-06-03,0.48642557859420776,2.0850000381469727,2.0850000381469727,2.0850000381469727,2.0850000381469727,0
2025-06-04,0.48642557859420776,2.0850000381469727,2.0850000381469727,2.0850000381469727,2.0850000381469727,0
2025-06-05,0.485259085893631,2.0799999237060547,2.0799999237060547,2.0799999237060547,2.0799999237060547,0
2025-06-06,0.485259085893631,2.0799999237060547,2.0799999237060547,2.0799999237060547,2.0799999237060547,0
2025-06-09,0.48759204149246216,2.0899999141693115,2.0899999141693115,2.0899999141693115,2.0899999141693115,0
2025-06-10,0.48759204149246216,2.0899999141693115,2.0899999141693115,2.0899999141693115,2.0899999141693115,0
2025-06-11,0.49342453479766846,2.115000009536743,2.115000009536743,2.115000009536743,2.115000009536743,0
2025-06-12,0.5004234910011292,2.1449999809265137,2.1449999809265137,2.1449999809265137,2.1449999809265137,0
2025-06-13,0.517920732498169,2.2200000286102295,2.2200000286102295,2.2200000286102295,2.2200000286102295,0
2025-06-16,0.5237532258033752,2.244999885559082,2.244999885559082,2.244999885559082,2.244999885559082,0
2025-06-17,0.5225867033004761,2.240000009536743,2.240000009536743,2.234999895095825,2.234999895095825,0
2025-06-18,0.527252733707428,2.259999990463257,2.259999990463257,2.259999990463257,2.259999990463257,0
2025-06-19,0.5249196887016296,2.25,2.25,2.25,2.25,0
2025-06-20,0.5249196887016296,2.25,2.25,2.25,2.25,0
2025-06-23,0.5062559247016907,2.1700000762939453,2.1700000762939453,2.1700000762939453,2.1700000762939453,0
2025-06-24,0.5085888504981995,2.180000066757202,2.180000066757202,2.180000066757202,2.180000066757202,0
2025-06-25,0.47942665219306946,2.055000066757202,2.055000066757202,2.055000066757202,2.055000066757202,0
2025-06-26,0.4591297507286072,1.968000054359436,1.968000054359436,1.968000054359436,1.968000054359436,0
2025-06-27,0.4558635652065277,1.9539999961853027,1.9539999961853027,1.9539999961853027,1.9539999961853027,0
2025-06-30,0.4558635652065277,1.9539999961853027,1.9539999961853027,1.9539999961853027,1.9539999961853027,0
2025-07-01,0.4507310688495636,1.9320000410079956,1.9320000410079956,1.9320000410079956,1.9320000410079956,0
2025-07-02,0.4446653127670288,1.906000018119812,1.906000018119812,1.906000018119812,1.906000018119812,0
2025-07-03,0.4446653127670288,1.906000018119812,1.906000018119812,1.906000018119812,1.906000018119812,0
2025-07-04,0.4446653127670288,1.906000018119812,1.906000018119812,1.906000018119812,1.906000018119812,0
2025-07-07,0.4446653127670288,1.906000018119812,1.906000018119812,1.906000018119812,1.906000018119812,0
2025-07-08,0.4446653127670288,1.906000018119812,1.906000018119812,1.906000018119812,1.906000018119812,0
2025-07-09,0.4446653127670288,1.906000018119812,1.906000018119812,1.906000018119812,1.906000018119812,0
2025-07-10,0.44606509804725647,1.9119999408721924,1.9119999408721924,1.9119999408721924,1.9119999408721924,0
2025-07-11,0.44606509804725647,1.9119999408721924,1.9119999408721924,1.9119999408721924,1.9119999408721924,0
2025-07-14,0.45959633588790894,1.9700000286102295,1.9700000286102295,1.9700000286102295,1.9700000286102295,0
2025-07-15,0.45959633588790894,1.9700000286102295,1.9700000286102295,1.9700000286102295,1.9700000286102295,0
2025-07-16,0.4577300250530243,1.9620000123977661,1.9620000123977661,1.9620000123977661,1.9620000123977661,0
2025-07-17,0.45353060960769653,1.944000005722046,1.944000005722046,1.944000005722046,1.944000005722046,0
2025-07-18,0.45353060960769653,1.944000005722046,1.944000005722046,1.944000005722046,1.944000005722046,0
2025-07-21,0.4567967653274536,1.9579999446868896,1.9579999446868896,1.9579999446868896,1.9579999446868896,0
2025-07-22,0.4525974690914154,1.940000057220459,1.940000057220459,1.940000057220459,1.940000057220459,0
2025-07-23,0.4525974690914154,1.940000057220459,1.940000057220459,1.940000057220459,1.940000057220459,0
2025-07-24,0.4591297507286072,1.968000054359436,1.968000054359436,1.968000054359436,1.968000054359436,0
2025-07-25,0.4637957215309143,1.9880000352859497,1.9880000352859497,1.9880000352859497,1.9880000352859497,0
2025-07-28,0.4677618443965912,2.005000114440918,2.005000114440918,2.005000114440918,2.005000114440918,0
2025-07-29,0.48759204149246216,2.0899999141693115,2.0899999141693115,2.0899999141693115,2.0899999141693115,0
2025-07-30,0.48759204149246216,2.0899999141693115,2.0899999141693115,2.0899999141693115,2.0899999141693115,0
2025-07-31,0.4829261302947998,2.069999933242798,2.069999933242798,2.069999933242798,2.069999933242798,0
2025-08-01,0.4829261302947998,2.069999933242798,2.069999933242798,2.069999933242798,2.069999933242798,0
2025-08-04,0.47826018929481506,2.049999952316284,2.049999952316284,2.049999952316284,2.049999952316284,0
2025-08-05,0.46659529209136963,2.0,2.0,2.0,2.0,0
2025-08-06,0.46659529209136963,2.0,2.0,2.0,2.0,0
2025-08-07,0.47242775559425354,2.0250000953674316,2.0250000953674316,2.0250000953674316,2.0250000953674316,0
2025-08-08,0.47126123309135437,2.0199999809265137,2.0199999809265137,2.0199999809265137,2.0199999809265137,0
2025-08-11,0.4689282774925232,2.009999990463257,2.009999990463257,2.009999990463257,2.009999990463257,0
2025-08-12,0.46332910656929016,1.9859999418258667,1.9859999418258667,1.9859999418258667,1.9859999418258667,0
2025-08-13,0.46332910656929016,1.9859999418258667,1.9859999418258667,1.9859999418258667,1.9859999418258667,0
2025-08-14,0.4609961211681366,1.9759999513626099,1.9759999513626099,1.9759999513626099,1.9759999513626099,0
2025-08-15,0.4558635652065277,1.9539999961853027,1.9539999961853027,1.9539999961853027,1.9539999961853027,0
2025-08-18,0.4558635652065277,1.9539999961853027,1.9539999961853027,1.9539999961853027,1.9539999961853027,0
2025-08-19,0.4549304246902466,1.9500000476837158,1.9500000476837158,1.9500000476837158,1.9500000476837158,0
2025-08-20,0.45306405425071716,1.9420000314712524,1.9420000314712524,1.9420000314712524,1.9420000314712524,0
2025-08-21,0.45306405425071716,1.9420000314712524,1.9420000314712524,1.9420000314712524,1.9420000314712524,0
2025-08-22,0.4969240128993988,2.130000114440918,2.130000114440918,2.130000114440918,2.130000114440918,0
2025-08-25,0.5015900135040283,2.1500000953674316,2.1500000953674316,2.1500000953674316,2.1500000953674316,0
2025-08-26,0.5015900135040283,2.1500000953674316,2.1500000953674316,2.1500000953674316,2.1500000953674316,0
2025-08-27,0.5015900135040283,2.1500000953674316,2.1500000953674316,2.1500000953674316,2.1500000953674316,0
2025-08-28,0.7341610789299011,2.115000009536743,2.115000009536743,2.115000009536743,2.115000009536743,0
2025-08-29,0.708126962184906,2.0399999618530273,2.0399999618530273,2.0399999618530273,2.0399999618530273,0
2025-09-01,0.708126962184906,2.0399999618530273,2.0399999618530273,2.0399999618530273,2.0399999618530273,0
2025-09-02,0.7254830002784729,2.0899999141693115,2.0899999141693115,2.0899999141693115,2.0899999141693115,0
2025-09-03,0.7237474322319031,2.0850000381469727,2.0850000381469727,2.0850000381469727,2.0850000381469727,0
2025-09-04,0.6994489431381226,2.015000104904175,2.0350000858306885,2.015000104904175,2.0350000858306885,980
2025-09-05,0.6994489431381226,2.015000104904175,2.015000104904175,2.015000104904175,2.015000104904175,0
2025-09-08,0.6942421197891235,2.0,2.0,2.0,2.0,0
2025-09-09,0.6900766491889954,1.9880000352859497,1.9880000352859497,1.9880000352859497,1.9880000352859497,0
2025-09-10,0.6900766491889954,1.9880000352859497,1.9880000352859497,1.9880000352859497,1.9880000352859497,0
2025-09-11,0.6900766491889954,1.9880000352859497,1.9880000352859497,1.9880000352859497,1.9880000352859497,0
2025-09-12,0.6900766491889954,1.9880000352859497,1.9880000352859497,1.9880000352859497,1.9880000352859497,0
2025-09-15,0.6796630024909973,1.9579999446868896,1.9880000352859497,1.9579999446868896,1.9880000352859497,2500
2025-09-16,0.6796630024909973,1.9579999446868896,1.9579999446868896,1.9579999446868896,1.9579999446868896,0
2025-09-17,0.6893824338912964,1.9859999418258667,1.9859999418258667,1.9859999418258667,1.9859999418258667,0
2025-09-18,0.6893824338912964,1.9859999418258667,1.9859999418258667,1.9859999418258667,1.9859999418258667,0
2025-09-19,0.6893824338912964,1.9859999418258667,1.9859999418258667,1.9859999418258667,1.9859999418258667,0
2025-09-22,0.6893824338912964,1.9859999418258667,1.9859999418258667,1.9859999418258667,1.9859999418258667,0
2025-09-23,0.6893824338912964,1.9859999418258667,1.9859999418258667,1.9859999418258667,1.9859999418258667,0
2025-09-24,0.7011845707893372,2.0199999809265137,2.0199999809265137,2.0199999809265137,2.0199999809265137,0
2025-09-25,0.7220117449760437,2.0799999237060547,2.0799999237060547,2.0799999237060547,2.0799999237060547,0
2025-09-26,0.7341610789299011,2.115000009536743,2.115000009536743,2.0799999237060547,2.0799999237060547,270
2025-09-29,0.7324254512786865,2.109999895095825,2.109999895095825,2.109999895095825,2.109999895095825,0
2025-09-30,0.713333785533905,2.055000066757202,2.055000066757202,2.055000066757202,2.055000066757202,0
2025-10-01,0.6872996687889099,1.9800000190734863,1.9800000190734863,1.9800000190734863,1.9800000190734863,0
2025-10-02,0.6872996687889099,1.9800000190734863,1.9800000190734863,1.9800000190734863,1.9800000190734863,0
2025-10-03,0.6872996687889099,1.9800000190734863,1.9800000190734863,1.9800000190734863,1.9800000190734863,0
2025-10-06,0.6872996687889099,1.9800000190734863,1.9800000190734863,1.9800000190734863,1.9800000190734863,0
2025-10-07,0.697713315486908,2.009999990463257,2.009999990463257,2.009999990463257,2.009999990463257,0
2025-10-08,0.697713315486908,2.009999990463257,2.009999990463257,2.009999990463257,2.009999990463257,0
2025-10-09,0.697713315486908,2.009999990463257,2.009999990463257,2.009999990463257,2.009999990463257,0
2025-10-10,0.6907708644866943,1.9900000095367432,1.9900000095367432,1.9900000095367432,1.9900000095367432,0
2025-10-13,0.6748033165931702,1.944000005722046,1.944000005722046,1.944000005722046,1.944000005722046,0
2025-10-14,0.6393969655036926,1.8420000076293945,1.8839999437332153,1.8420000076293945,1.8839999437332153,350
2025-10-15,0.6393969655036926,1.8420000076293945,1.8420000076293945,1.8420000076293945,1.8420000076293945,0
2025-10-16,0.6393969655036926,1.8420000076293945,1.8420000076293945,1.8420000076293945,1.8420000076293945,0
2025-10-17,0.6393969655036926,1.8420000076293945,1.8420000076293945,1.8420000076293945,1.8420000076293945,0
2025-10-20,0.6352315545082092,1.8300000429153442,1.8300000429153442,1.8300000429153442,1.8300000429153442,0
2025-10-21,0.621346652507782,1.7899999618530273,1.7899999618530273,1.7899999618530273,1.7899999618530273,0
2025-10-22,0.6130157709121704,1.7660000324249268,1.7660000324249268,1.7660000324249268,1.7660000324249268,0
2025-10-23,0.6338430643081665,1.8259999752044678,1.8259999752044678,1.8259999752044678,1.8259999752044678,0
2025-10-24,0.6400912404060364,1.843999981880188,1.843999981880188,1.843999981880188,1.843999981880188,0
2025-10-27,0.6442566514015198,1.8559999465942383,1.8559999465942383,1.8559999465942383,1.8559999465942383,0
2025-10-28,0.6442566514015198,1.8559999465942383,1.8559999465942383,1.8559999465942383,1.8559999465942383,0
2025-10-29,0.6373142600059509,1.8359999656677246,1.8359999656677246,1.8359999656677246,1.8359999656677246,0
2025-10-30,0.6373142600059509,1.8359999656677246,1.8359999656677246,1.8359999656677246,1.8359999656677246,0
2025-10-31,0.6373142600059509,1.8359999656677246,1.8359999656677246,1.8359999656677246,1.8359999656677246,0
2025-11-03,0.6414797306060791,1.8480000495910645,1.8480000495910645,1.8480000495910645,1.8480000495910645,0
2025-11-04,0.642868161201477,1.8519999980926514,1.8519999980926514,1.8519999980926514,1.8519999980926514,2800
2025-11-05,0.6421740055084229,1.850000023841858,1.850000023841858,1.850000023841858,1.850000023841858,0
2025-11-06,0.6407854557037354,1.8459999561309814,1.8459999561309814,1.8459999561309814,1.8459999561309814,0
2025-11-07,0.6303718686103821,1.815999984741211,1.815999984741211,1.815999984741211,1.815999984741211,0
2025-11-10,0.6303718686103821,1.815999984741211,1.815999984741211,1.815999984741211,1.815999984741211,0
2025-11-11,0.6289833188056946,1.812000036239624,1.812000036239624,1.812000036239624,1.812000036239624,0
2025-11-12,0.6303718686103821,1.815999984741211,1.815999984741211,1.815999984741211,1.815999984741211,0
2025-11-13,0.6324545741081238,1.8220000267028809,1.8220000267028809,1.8220000267028809,1.8220000267028809,0
2025-11-14,0.6324545741081238,1.8220000267028809,1.8220000267028809,1.8220000267028809,1.8220000267028809,0
2025-11-17,0.6220409274101257,1.7920000553131104,1.7920000553131104,1.7920000553131104,1.7920000553131104,0
2025-11-18,0.620652437210083,1.7879999876022339,1.7879999876022339,1.7879999876022339,1.7879999876022339,0
2025-11-19,0.6053791046142578,1.74399995803833,1.74399995803833,1.74399995803833,1.74399995803833,0
2025-11-20,0.6053791046142578,1.74399995803833,1.74399995803833,1.74399995803833,1.74399995803833,0
2025-11-21,0.5734439492225647,1.6519999504089355,1.7120000123977661,1.6519999504089355,1.7120000123977661,2148
2025-11-24,0.5769152045249939,1.6619999408721924,1.6619999408721924,1.6619999408721924,1.6619999408721924,0
2025-11-25,0.5769152045249939,1.6619999408721924,1.6619999408721924,1.6619999408721924,1.6619999408721924,0
2025-11-26,0.5713613033294678,1.6460000276565552,1.6460000276565552,1.6460000276565552,1.6460000276565552,0
2025-11-27,0.5713613033294678,1.6460000276565552,1.6460000276565552,1.6460000276565552,1.6460000276565552,0
2025-11-28,0.9860687255859375,1.6239999532699585,1.6239999532699585,1.6239999532699585,1.6239999532699585,0
2025-12-01,0.9860687255859375,1.6239999532699585,1.6239999532699585,1.6239999532699585,1.6239999532699585,0
2025-12-02,0.9860687255859375,1.6239999532699585,1.6239999532699585,1.6239999532699585,1.6239999532699585,0
2025-12-03,0.9860687255859375,1.6239999532699585,1.6239999532699585,1.6239999532699585,1.6239999532699585,0
2025-12-04,1.016427993774414,1.6740000247955322,1.6740000247955322,1.6440000534057617,1.6440000534057617,2148
2025-12-05,1.016427993774414,1.6740000247955322,1.6740000247955322,1.6740000247955322,1.6740000247955322,0
2025-12-08,1.0662171840667725,1.75600004196167,1.75600004196167,1.75600004196167,1.75600004196167,0
2025-12-09,1.06864595413208,1.7599999904632568,1.7599999904632568,1.75600004196167,1.75600004196167,1900
2025-12-10,1.06864595413208,1.7599999904632568,1.7599999904632568,1.7599999904632568,1.7599999904632568,0
2025-12-11,1.0382866859436035,1.7100000381469727,1.7100000381469727,1.7100000381469727,1.7100000381469727,0
2025-12-12,1.0382866859436035,1.7100000381469727,1.7100000381469727,1.7100000381469727,1.7100000381469727,0
2025-12-15,1.0322147607803345,1.7000000476837158,1.7000000476837158,1.7000000476837158,1.7000000476837158,0
2025-12-16,1.0297859907150269,1.6959999799728394,1.6959999799728394,1.6959999799728394,1.6959999799728394,0
2025-12-17,1.001855492591858,1.649999976158142,1.649999976158142,1.649999976158142,1.649999976158142,0
2025-12-18,0.9957836270332336,1.6399999856948853,1.6399999856948853,1.6399999856948853,1.6399999856948853,0
2025-12-19,0.9957836270332336,1.6399999856948853,1.6399999856948853,1.6399999856948853,1.6399999856948853,0
2025-12-22,0.9957836270332336,1.6399999856948853,1.6399999856948853,1.6399999856948853,1.6399999856948853,0
2025-12-23,0.9957836270332336,1.6399999856948853,1.6399999856948853,1.6399999856948853,1.6399999856948853,0
2025-12-29,0.9969980716705322,1.6419999599456787,1.6419999599456787,1.6419999599456787,1.6419999599456787,0
2025-12-30,1.0273573398590088,1.6920000314712524,1.6920000314712524,1.6660000085830688,1.6660000085830688,425
2026-01-02,1.0480016469955444,1.7259999513626099,1.7259999513626099,1.7259999513626099,1.7259999513626099,0
2026-01-05,1.0613597631454468,1.7480000257492065,1.7480000257492065,1.7480000257492065,1.7480000257492065,0
2026-01-06,1.0176423788070679,1.6759999990463257,1.6759999990463257,1.6759999990463257,1.6759999990463257,0
2026-01-07,1.0176423788070679,1.6759999990463257,1.6759999990463257,1.6759999990463257,1.6759999990463257,0
2026-01-08,0.9994268417358398,1.6460000276565552,1.6460000276565552,1.6399999856948853,1.6399999856948853,1000
2026-01-09,0.9994268417358398,1.6460000276565552,1.6460000276565552,1.6460000276565552,1.6460000276565552,0
2026-01-12,1.007927417755127,1.659999966621399,1.659999966621399,1.659999966621399,1.659999966621399,0
2026-01-13,1.0042842626571655,1.6540000438690186,1.6540000438690186,1.6540000438690186,1.6540000438690186,0
2026-01-14,1.0395010709762573,1.7120000123977661,1.7120000123977661,1.7120000123977661,1.7120000123977661,0
2026-01-15,1.0407153367996216,1.7139999866485596,1.7139999866485596,1.7139999866485596,1.7139999866485596,0
2026-01-16,1.0395010709762573,1.7120000123977661,1.7120000123977661,1.7120000123977661,1.7120000123977661,0
2026-01-19,1.050430417060852,1.7300000190734863,1.7300000190734863,1.7300000190734863,1.7300000190734863,0
2026-01-20,1.050430417060852,1.7300000190734863,1.7300000190734863,1.7300000190734863,1.7300000190734863,0
2026-01-21,1.0565022230148315,1.7400000095367432,1.7400000095367432,1.7400000095367432,1.7400000095367432,0
2026-01-22,1.0565022230148315,1.7400000095367432,1.7400000095367432,1.7400000095367432,1.7400000095367432,0
2026-01-23,1.0795753002166748,1.777999997138977,1.777999997138977,1.777999997138977,1.777999997138977,0
2026-01-26,1.0929332971572876,1.7999999523162842,1.7999999523162842,1.7999999523162842,1.7999999523162842,0
2026-01-27,1.0795753002166748,1.777999997138977,1.7999999523162842,1.777999997138977,1.7999999523162842,3500
2026-01-28,1.0868613719940186,1.7899999618530273,1.7899999618530273,1.7899999618530273,1.7899999618530273,0
2026-01-29,1.1293644905090332,1.8600000143051147,1.8600000143051147,1.8600000143051147,1.8600000143051147,0
2026-01-30,1.152437448501587,1.8980000019073486,1.8980000019073486,1.8980000019073486,1.8980000019073486,0
2026-02-02,1.1439368724822998,1.8839999437332153,1.8839999437332153,1.8839999437332153,1.8839999437332153,0
2026-02-03,1.1439368724822998,1.8839999437332153,1.8839999437332153,1.8839999437332153,1.8839999437332153,0
2026-02-04,1.1439368724822998,1.8839999437332153,1.8839999437332153,1.8839999437332153,1.8839999437332153,0
2026-02-05,1.1500086784362793,1.8940000534057617,1.8940000534057617,1.8940000534057617,1.8940000534057617,0
2026-02-06,1.1500086784362793,1.8940000534057617,1.8940000534057617,1.8940000534057617,1.8940000534057617,0
2026-02-09,1.1560806035995483,1.9040000438690186,1.9040000438690186,1.9040000438690186,1.9040000438690186,0
2026-02-10,1.182796597480774,1.9479999542236328,1.9479999542236328,1.9479999542236328,1.9479999542236328,0
2026-02-11,1.2058696746826172,1.9859999418258667,1.9859999418258667,1.9859999418258667,1.9859999418258667,0
2026-02-12,1.2234781980514526,2.015000104904175,2.015000104904175,2.015000104904175,2.015000104904175,0
2026-02-13,1.2234781980514526,2.015000104904175,2.015000104904175,2.015000104904175,2.015000104904175,0
2026-02-16,1.2234781980514526,2.015000104904175,2.015000104904175,2.015000104904175,2.015000104904175,0
2026-02-17,1.2234781980514526,2.015000104904175,2.015000104904175,2.015000104904175,2.015000104904175,0
2026-02-18,1.2234781980514526,2.015000104904175,2.015000104904175,2.015000104904175,2.015000104904175,0
2026-02-19,1.2477656602859497,2.055000066757202,2.055000066757202,2.055000066757202,2.055000066757202,0
2026-02-20,1.2750887870788574,2.0999999046325684,2.0999999046325684,2.0999999046325684,2.0999999046325684,0
2026-02-23,1.2902685403823853,2.125,2.125,2.0999999046325684,2.0999999046325684,1694
2026-02-24,1.287232518196106,2.119999885559082,2.119999885559082,2.119999885559082,2.119999885559082,0
2026-02-25,1.317591905593872,2.1700000762939453,2.1700000762939453,2.1700000762939453,2.1700000762939453,0
2026-02-26,1.3570588827133179,2.234999895095825,2.2850000858306885,2.234999895095825,2.2850000858306885,3000
2026-02-27,1.7123891115188599,2.265000104904175,2.265000104904175,2.259999990463257,2.259999990463257,0
2026-03-02,1.7464098930358887,2.309999942779541,2.309999942779541,2.309999942779541,2.309999942779541,0
2026-03-03,1.822012186050415,2.4100000858306885,2.4100000858306885,2.4100000858306885,2.4100000858306885,0
2026-03-04,1.822012186050415,2.4100000858306885,2.4100000858306885,2.4100000858306885,2.4100000858306885,0
2026-03-05,1.8106718063354492,2.3949999809265137,2.3949999809265137,2.3949999809265137,2.3949999809265137,0
2026-03-06,1.8106718063354492,2.3949999809265137,2.3949999809265137,2.3949999809265137,2.3949999809265137,0
2026-03-09,1.8409128189086914,2.434999942779541,2.434999942779541,2.434999942779541,2.434999942779541,0
2026-03-10,1.8673734664916992,2.4700000286102295,2.4700000286102295,2.4700000286102295,2.4700000286102295,0
2026-03-11,1.8673734664916992,2.4700000286102295,2.4700000286102295,2.4700000286102295,2.4700000286102295,0
2026-03-12,1.9391955137252808,2.565000057220459,2.565000057220459,2.4700000286102295,2.4700000286102295,777
2026-03-13,1.9240752458572388,2.5450000762939453,2.5450000762939453,2.5450000762939453,2.5450000762939453,0
2026-03-16,1.9278552532196045,2.549999952316284,2.549999952316284,2.549999952316284,2.549999952316284,0
2026-03-17,2.018577814102173,2.6700000762939453,2.6700000762939453,2.6700000762939453,2.6700000762939453,0
2026-03-18,2.1886825561523438,2.8949999809265137,2.8949999809265137,2.8949999809265137,2.8949999809265137,0
2026-03-19,2.1735622882843018,2.875,2.875,2.875,2.875,0
2026-03-20,2.2113633155822754,2.924999952316284,2.924999952316284,2.924999952316284,2.924999952316284,0
2026-03-23,2.150881767272949,2.8450000286102295,2.8450000286102295,2.8450000286102295,2.8450000286102295,0
2026-03-24,2.0299181938171387,2.684999942779541,2.684999942779541,2.684999942779541,2.684999942779541,0
2026-03-25,2.0601589679718018,2.7249999046325684,2.7249999046325684,2.7249999046325684,2.7249999046325684,0
2026-03-26,2.0601589679718018,2.7249999046325684,2.7249999046325684,2.7249999046325684,2.7249999046325684,0
2026-03-27,2.147101402282715,2.8399999141693115,2.8399999141693115,2.8399999141693115,2.8399999141693115,0
2026-03-30,2.192462921142578,2.9000000953674316,2.9000000953674316,2.9000000953674316,2.9000000953674316,0
2026-03-31,2.3134262561798096,3.059999942779541,3.059999942779541,3.0199999809265137,3.0199999809265137,350
2026-04-01,2.32098650932312,3.069999933242798,3.069999933242798,3.069999933242798,3.069999933242798,0
2026-04-02,2.260504722595215,2.990000009536743,2.990000009536743,2.990000009536743,2.990000009536743,0
2026-04-07,2.3134262561798096,3.059999942779541,3.059999942779541,3.059999942779541,3.059999942779541,0
2026-04-08,2.162221908569336,2.859999895095825,2.859999895095825,2.859999895095825,2.859999895095825,0
2026-04-09,2.1886825561523438,2.8949999809265137,2.8949999809265137,2.8949999809265137,2.8949999809265137,0
2026-04-10,2.207583427429199,2.9200000762939453,2.9200000762939453,2.9200000762939453,2.9200000762939453,0
2026-04-13,2.249164342880249,2.9749999046325684,2.9749999046325684,2.9749999046325684,2.9749999046325684,0
2026-04-14,2.249164342880249,2.9749999046325684,2.9749999046325684,2.9749999046325684,2.9749999046325684,0
2026-04-15,2.222703695297241,2.940000057220459,2.940000057220459,2.940000057220459,2.940000057220459,0
2026-04-16,2.1584417819976807,2.8550000190734863,2.8550000190734863,2.8550000190734863,2.8550000190734863,0
2026-04-17,2.1584417819976807,2.8550000190734863,2.8550000190734863,2.8550000190734863,2.8550000190734863,0
2026-04-20,2.0714993476867676,2.740000009536743,2.740000009536743,2.740000009536743,2.740000009536743,0
2026-04-21,2.079059600830078,2.75,2.75,2.75,2.75,0
2026-04-22,2.090399980545044,2.765000104904175,2.765000104904175,2.765000104904175,2.765000104904175,0
2026-04-23,2.1584417819976807,2.8550000190734863,2.8550000190734863,2.8550000190734863,2.8550000190734863,0
2026-04-24,2.2113633155822754,2.924999952316284,2.924999952316284,2.924999952316284,2.924999952316284,0
2026-04-27,2.234043836593628,2.9549999237060547,2.9549999237060547,2.9549999237060547,2.9549999237060547,0
2026-04-28,2.2567245960235596,2.984999895095825,2.984999895095825,2.984999895095825,2.984999895095825,0
2026-04-29,2.3134262561798096,3.059999942779541,3.059999942779541,3.059999942779541,3.059999942779541,0
2026-04-30,2.389028549194336,3.1600000858306885,3.1600000858306885,3.1600000858306885,3.1600000858306885,0
2026-05-04,2.4117093086242676,3.190000057220459,3.190000057220459,3.190000057220459,3.190000057220459,0
2026-05-05,2.4381697177886963,3.2249999046325684,3.2249999046325684,3.2249999046325684,3.2249999046325684,0
2026-05-06,2.460850477218628,3.255000114440918,3.255000114440918,3.255000114440918,3.255000114440918,0
2026-05-07,2.245384454727173,2.9700000286102295,2.9700000286102295,2.9700000286102295,2.9700000286102295,0
2026-05-08,2.2983057498931885,3.0399999618530273,3.0399999618530273,3.0399999618530273,3.0399999618530273,0
2026-05-11,2.351227283477783,3.109999895095825,3.109999895095825,3.109999895095825,3.109999895095825,0
2026-05-12,2.362567663192749,3.125,3.125,3.125,3.125,0
2026-05-13,2.43438982963562,3.2200000286102295,3.2200000286102295,3.2200000286102295,3.2200000286102295,0
2026-05-14,2.4948713779449463,3.299999952316284,3.299999952316284,3.2300000190734863,3.2300000190734863,250
2026-05-15,2.464630603790283,3.259999990463257,3.259999990463257,3.259999990463257,3.259999990463257,0
2026-05-18,2.464630603790283,3.259999990463257,3.259999990463257,3.259999990463257,3.259999990463257,0
2026-05-19,2.491091251373291,3.2950000762939453,3.2950000762939453,3.2950000762939453,3.2950000762939453,0
2026-05-20,2.5137720108032227,3.325000047683716,3.325000047683716,3.325000047683716,3.325000047683716,0
2026-05-21,2.445729970932007,3.234999895095825,3.234999895095825,3.234999895095825,3.234999895095825,0
2026-05-22,2.445729970932007,3.234999895095825,3.234999895095825,3.234999895095825,3.234999895095825,0
2026-05-25,2.3398869037628174,3.0950000286102295,3.0950000286102295,3.0950000286102295,3.0950000286102295,0
2026-05-26,2.2983057498931885,3.0399999618530273,3.0399999618530273,3.0399999618530273,3.0399999618530273,0
2026-05-27,2.2529444694519043,2.9800000190734863,2.9800000190734863,2.9800000190734863,2.9800000190734863,0
2026-05-28,2.207583427429199,2.9200000762939453,2.9200000762939453,2.9200000762939453,2.9200000762939453,0
2026-05-29,2.218923568725586,2.934999942779541,2.934999942779541,2.934999942779541,2.934999942779541,0
2026-06-01,2.5429677963256836,2.934999942779541,2.934999942779541,2.934999942779541,2.934999942779541,0
2026-06-02,2.547300100326538,2.940000057220459,2.940000057220459,2.940000057220459,2.940000057220459,0
2026-06-03,2.5819571018218994,2.9800000190734863,2.9800000190734863,2.9800000190734863,2.9800000190734863,0
2026-06-04,2.5819571018218994,2.9800000190734863,2.9800000190734863,2.9800000190734863,2.9800000190734863,0
2026-06-05,2.5819571018218994,2.9800000190734863,2.9800000190734863,2.9800000190734863,2.9800000190734863,0
2026-06-08,2.5819571018218994,2.9800000190734863,2.9800000190734863,2.9800000190734863,2.9800000190734863,0
2026-06-09,2.538635730743408,2.930000066757202,2.930000066757202,2.930000066757202,2.930000066757202,0
2026-06-10,2.4823179244995117,2.865000009536743,2.865000009536743,2.865000009536743,2.865000009536743,0
2026-06-11,2.4823179244995117,2.865000009536743,2.865000009536743,2.865000009536743,2.865000009536743,0
2026-06-12,2.4823179244995117,2.865000009536743,2.865000009536743,2.865000009536743,2.865000009536743,0
2026-06-15,2.425999879837036,2.799999952316284,2.799999952316284,2.799999952316284,2.799999952316284,0
2026-06-16,2.330692768096924,2.690000057220459,2.690000057220459,2.690000057220459,2.690000057220459,0
2026-06-17,2.2873713970184326,2.640000104904175,2.640000104904175,2.640000104904175,2.640000104904175,0
2026-06-18,2.2873713970184326,2.640000104904175,2.640000104904175,2.640000104904175,2.640000104904175,0
2026-06-19,2.2353856563568115,2.5799999237060547,2.5799999237060547,2.5799999237060547,2.5799999237060547,0
2026-06-22,2.2570464611053467,2.6050000190734863,2.6050000190734863,2.6050000190734863,2.6050000190734863,0
2026-06-23,2.2570464611053467,2.6050000190734863,2.6050000190734863,2.6050000190734863,2.6050000190734863,0
2026-06-24,2.2050607204437256,2.5450000762939453,2.5450000762939453,2.5450000762939453,2.5450000762939453,0
2026-06-25,2.0534355640411377,2.369999885559082,2.4549999237060547,2.369999885559082,2.4549999237060547,1000
2026-06-26,2.044771194458008,2.359999895095825,2.359999895095825,2.359999895095825,2.359999895095825,0
2026-06-29,2.044771194458008,2.359999895095825,2.359999895095825,2.359999895095825,2.359999895095825,0
2026-06-30,2.005782127380371,2.315000057220459,2.315000057220459,2.315000057220459,2.315000057220459,0
2026-07-01,2.0014498233795166,2.309999942779541,2.309999942779541,2.309999942779541,2.309999942779541,0
2026-07-02,1.9537965059280396,2.255000114440918,2.255000114440918,2.255000114440918,2.255000114440918,0
2026-07-03,1.9537965059280396,2.255000114440918,2.255000114440918,2.255000114440918,2.255000114440918,0
2026-07-06,1.9537965059280396,2.255000114440918,2.255000114440918,2.255000114440918,2.255000114440918,0
2026-07-07,1.8974785804748535,2.190000057220459,2.190000057220459,2.190000057220459,2.190000057220459,0
2026-07-08,1.9537965059280396,2.255000114440918,2.255000114440918,2.255000114440918,2.255000114440918,0
2026-07-09,1.9971178770065308,2.305000066757202,2.305000066757202,2.305000066757202,2.305000066757202,0
2026-07-10,1.9971178770065308,2.305000066757202,2.305000066757202,2.305000066757202,2.305000066757202,0
2026-07-13,1.9927856922149658,2.299999952316284,2.299999952316284,2.299999952316284,2.299999952316284,0
2026-07-14,1.9927856922149658,2.299999952316284,2.299999952316284,2.299999952316284,2.299999952316284,0
2026-07-15,2.0404393672943115,2.3550000190734863,2.3550000190734863,2.3550000190734863,2.3550000190734863,0
2026-07-16,2.0404393672943115,2.3550000190734863,2.3550000190734863,2.3550000190734863,2.3550000190734863,0
2026-07-17,2.0317749977111816,2.3450000286102295,2.3450000286102295,2.3450000286102295,2.3450000286102295,0
2026-07-20,2.088092803955078,2.4100000858306885,2.4100000858306885,2.4100000858306885,2.4100000858306885,0
2026-07-21,2.088092803955078,2.4100000858306885,2.4100000858306885,2.4100000858306885,2.4100000858306885,0
2026-07-22,2.1314141750335693,2.4600000381469727,2.4600000381469727,2.4600000381469727,2.4600000381469727,0
2026-07-23,2.2223892211914062,2.565000057220459,2.565000057220459,2.565000057220459,2.565000057220459,0
2026-07-24,2.2830393314361572,2.634999990463257,2.634999990463257,2.634999990463257,2.634999990463257,0
2026-07-27,2.2830393314361572,2.634999990463257,2.634999990463257,2.634999990463257,2.634999990463257,0
2026-07-28,2.187732219696045,2.5250000953674316,2.5250000953674316,2.5250000953674316,2.5250000953674316,0
2026-07-29,2.187732219696045,2.5250000953674316,2.5250000953674316,2.5250000953674316,2.5250000953674316,0
2026-07-30,2.200728416442871,2.5399999618530273,2.5399999618530273,2.5399999618530273,2.5399999618530273,0
2026-07-31,2.1963963508605957,2.5350000858306885,2.5350000858306885,2.5350000858306885,2.5350000858306885,0
2026-08-03,2.1747355461120605,2.509999990463257,2.509999990463257,2.509999990463257,2.509999990463257,0
2026-08-04,2.1747355461120605,2.509999990463257,2.509999990463257,2.509999990463257,2.509999990463257,0
2026-08-05,2.1747355461120605,2.509999990463257,2.509999990463257,2.509999990463257,2.509999990463257,0
2026-08-06,2.1660714149475098,2.5,2.5,2.5,2.5,0
2026-08-07,2.1660714149475098,2.5,2.5,2.5,2.5,0
2026-08-10,2.1660714149475098,2.5,2.5,2.5,2.5,0
2026-08-11,2.200728416442871,2.5399999618530273,2.5399999618530273,2.5399999618530273,2.5399999618530273,0
2026-08-12,2.248382091522217,2.5950000286102295,2.5950000286102295,2.5950000286102295,2.5950000286102295,0
2026-08-13,2.239717960357666,2.5850000381469727,2.5850000381469727,2.5850000381469727,2.5850000381469727,0
2026-08-14,2.2050607204437256,2.5450000762939453,2.5450000762939453,2.5450000762939453,2.5450000762939453,0
2026-08-17,2.2137250900268555,2.555000066757202,2.555000066757202,2.555000066757202,2.555000066757202,0
2026-08-18,2.252714157104492,2.5999999046325684,2.5999999046325684,2.5999999046325684,2.5999999046325684,0
2026-08-19,2.2830393314361572,2.634999990463257,2.634999990463257,2.634999990463257,2.634999990463257,0
2026-08-20,2.343689203262329,2.7049999237060547,2.7049999237060547,2.7049999237060547,2.7049999237060547,0
2026-08-21,2.343689203262329,2.7049999237060547,2.7049999237060547,2.7049999237060547,2.7049999237060547,0
2026-08-24,2.343689203262329,2.7049999237060547,2.7049999237060547,2.7049999237060547,2.7049999237060547,0
2026-08-25,2.270042657852173,2.619999885559082,2.619999885559082,2.619999885559082,2.619999885559082,0
2026-08-26,2.2440497875213623,2.5899999141693115,2.5899999141693115,2.5899999141693115,2.5899999141693115,0
2026-08-27,2.2440497875213623,2.5899999141693115,2.5899999141693115,2.5899999141693115,2.5899999141693115,0
2026-08-28,2.3610177040100098,2.7249999046325684,2.7249999046325684,2.7249999046325684,2.7249999046325684,0
2026-08-31,2.40433931350708,2.7750000953674316,2.7750000953674316,2.7750000953674316,2.7750000953674316,0
2026-09-01,2.425999879837036,2.799999952316284,2.799999952316284,2.799999952316284,2.799999952316284,0
2026-09-02,2.799999952316284,2.799999952316284,2.799999952316284,2.799999952316284,2.799999952316284,0
2026-09-03,2.799999952316284,2.799999952316284,2.799999952316284,2.799999952316284,2.799999952316284,0
2026-09-04,2.7850000858306885,2.7850000858306885,2.7850000858306885,2.7850000858306885,2.7850000858306885,0
2026-09-07,2.7699999809265137,2.7699999809265137,2.7699999809265137,2.7699999809265137,2.7699999809265137,0
