Date,Adj Close,Close,High,Low,Open,Volume
2025-01-01,16.11373519897461,18.100000381469727,18.139999389648438,18.020000457763672,18.059999465942383,111777.0
2025-01-02,15.70421028137207,17.639999389648438,18.040000915527344,17.459999084472656,18.040000915527344,362851.0
2025-01-05,15.75762939453125,17.700000762939453,17.780000686645508,17.639999389648438,17.639999389648438,223614.0
2025-01-06,15.793238639831543,17.739999771118164,17.920000076293945,17.559999465942383,17.700000762939453,174893.0
2025-01-07,15.75762939453125,17.700000762939453,17.780000686645508,17.440000534057617,17.65999984741211,523903.0
2025-01-08,15.846654891967773,17.799999237060547,17.8799991607666,17.600000381469727,17.600000381469727,174216.0
2025-01-09,15.846654891967773,17.799999237060547,17.799999237060547,17.799999237060547,17.799999237060547,0.0
2025-01-12,16.27398109436035,18.280000686645508,18.280000686645508,17.84000015258789,17.8799991607666,190941.0
2025-01-13,16.398616790771484,18.420000076293945,18.459999084472656,18.219999313354492,18.280000686645508,310788.0
2025-01-14,16.541057586669922,18.579999923706055,18.600000381469727,18.440000534057617,18.440000534057617,280938.0
2025-01-15,16.647891998291016,18.700000762939453,18.739999771118164,18.540000915527344,18.540000915527344,199397.0
2025-01-16,16.7191104888916,18.780000686645508,19.0,18.760000228881836,18.760000228881836,549552.0
2025-01-19,16.914968490600586,19.0,19.100000381469727,18.799999237060547,18.799999237060547,162302.0
2025-01-20,17.271074295043945,19.399999618530273,19.520000457763672,18.979999542236328,19.079999923706055,411159.0
2025-01-21,17.716203689575195,19.899999618530273,20.100000381469727,19.260000228881836,19.260000228881836,633699.0
2025-01-22,17.80522918701172,20.0,20.100000381469727,19.600000381469727,19.600000381469727,399844.0
2025-01-23,17.751815795898438,19.940000534057617,20.059999465942383,19.739999771118164,20.0,1004624.0
2025-01-26,17.876449584960938,20.079999923706055,20.1200008392334,19.8799991607666,19.940000534057617,133410.0
2025-01-27,18.624269485473633,20.920000076293945,20.920000076293945,19.979999542236328,20.079999923706055,551160.0
2025-01-28,18.499635696411133,20.780000686645508,20.899999618530273,20.600000381469727,20.899999618530273,158991.0
2025-01-29,18.588659286499023,20.8799991607666,20.979999542236328,20.600000381469727,20.65999984741211,451315.0
2025-01-30,18.410606384277344,20.68000030517578,20.940000534057617,20.68000030517578,20.799999237060547,154646.0
2025-02-02,18.179140090942383,20.420000076293945,20.600000381469727,20.219999313354492,20.600000381469727,108925.0
2025-02-03,18.339387893676758,20.600000381469727,20.600000381469727,20.200000762939453,20.260000228881836,134233.0
2025-02-04,18.53524398803711,20.81999969482422,20.959999084472656,20.559999465942383,20.600000381469727,190882.0
2025-02-05,18.64207649230957,20.940000534057617,21.15999984741211,20.81999969482422,20.959999084472656,350924.0
2025-02-06,18.481828689575195,20.760000228881836,20.8799991607666,20.6200008392334,20.8799991607666,150156.0
2025-02-09,18.42841339111328,20.700000762939453,20.760000228881836,20.68000030517578,20.700000762939453,35632.0
2025-02-10,17.92986488342285,20.139999389648438,20.700000762939453,20.139999389648438,20.600000381469727,121341.0
2025-02-11,18.072307586669922,20.299999237060547,20.440000534057617,20.100000381469727,20.100000381469727,291732.0
2025-02-12,17.912063598632812,20.1200008392334,20.299999237060547,20.020000457763672,20.299999237060547,91393.0
2025-02-13,17.92986488342285,20.139999389648438,20.3799991607666,20.1200008392334,20.15999984741211,86900.0
2025-02-16,18.018892288208008,20.239999771118164,20.280000686645508,20.100000381469727,20.139999389648438,37313.0
2025-02-17,17.94767189025879,20.15999984741211,20.31999969482422,20.040000915527344,20.31999969482422,69005.0
2025-02-18,17.69839859008789,19.8799991607666,20.139999389648438,19.760000228881836,20.139999389648438,118866.0
2025-02-19,17.69839859008789,19.8799991607666,19.8799991607666,19.8799991607666,19.8799991607666,0.0
2025-02-20,17.538150787353516,19.700000762939453,19.719999313354492,19.420000076293945,19.600000381469727,57802.0
2025-02-24,17.573762893676758,19.739999771118164,19.84000015258789,19.559999465942383,19.700000762939453,47852.0
2025-02-25,17.377904891967773,19.520000457763672,19.68000030517578,19.399999618530273,19.68000030517578,57504.0
2025-02-26,17.235464096069336,19.360000610351562,19.68000030517578,19.1200008392334,19.68000030517578,66460.0
2025-02-27,17.253267288208008,19.3799991607666,19.540000915527344,19.0,19.360000610351562,145107.0
2025-03-02,17.377904891967773,19.520000457763672,19.65999984741211,18.959999084472656,19.65999984741211,59386.0
2025-03-03,17.520347595214844,19.68000030517578,19.68000030517578,19.18000030517578,19.239999771118164,178988.0
2025-03-04,17.62717628479004,19.799999237060547,19.81999969482422,19.3799991607666,19.68000030517578,166974.0
2025-03-05,18.28597068786621,20.540000915527344,20.760000228881836,19.899999618530273,19.899999618530273,439535.0
2025-03-06,18.125722885131836,20.360000610351562,20.68000030517578,20.299999237060547,20.540000915527344,277126.0
2025-03-09,17.876449584960938,20.079999923706055,20.479999542236328,19.600000381469727,20.399999618530273,117416.0
2025-03-10,17.48473358154297,19.639999389648438,19.979999542236328,19.639999389648438,19.920000076293945,91474.0
2025-03-11,17.021800994873047,19.1200008392334,19.5,19.020000457763672,19.5,90717.0
2025-03-12,16.932775497436523,19.020000457763672,19.280000686645508,18.8799991607666,19.1200008392334,94075.0
2025-03-13,16.89716339111328,18.979999542236328,19.020000457763672,18.420000076293945,19.0,322822.0
2025-03-16,17.288877487182617,19.420000076293945,19.420000076293945,18.8799991607666,19.0,74003.0
2025-03-17,17.7340087890625,19.920000076293945,20.15999984741211,19.239999771118164,19.399999618530273,187704.0
2025-03-18,18.036697387695312,20.260000228881836,20.540000915527344,19.799999237060547,19.799999237060547,335723.0
2025-03-19,18.28597068786621,20.540000915527344,20.540000915527344,20.139999389648438,20.360000610351562,284437.0
2025-03-20,18.28597068786621,20.540000915527344,20.540000915527344,20.540000915527344,20.540000915527344,0.0
2025-03-23,18.659879684448242,20.959999084472656,21.299999237060547,20.559999465942383,20.979999542236328,205880.0
2025-03-24,18.517438888549805,20.799999237060547,21.0,20.0,21.0,166293.0
2025-03-25,18.268165588378906,20.520000457763672,21.0,20.239999771118164,20.799999237060547,199217.0
2025-03-26,18.57085418701172,20.860000610351562,21.0,20.520000457763672,20.520000457763672,87100.0
2025-03-27,18.695493698120117,21.0,21.15999984741211,20.799999237060547,20.860000610351562,210129.0
2025-04-03,19.44331169128418,21.84000015258789,21.8799991607666,20.780000686645508,21.0,571817.0
2025-04-06,18.21474838256836,20.459999084472656,20.81999969482422,19.899999618530273,20.0,383821.0
2025-04-07,18.42841339111328,20.700000762939453,20.920000076293945,19.5,20.0,632993.0
2025-04-08,18.072307586669922,20.299999237060547,21.1200008392334,20.299999237060547,20.700000762939453,304989.0
2025-04-09,18.339387893676758,20.600000381469727,21.139999389648438,20.200000762939453,20.399999618530273,553531.0
2025-04-10,18.339387893676758,20.600000381469727,20.600000381469727,20.600000381469727,20.600000381469727,0.0
2025-04-13,18.517438888549805,20.799999237060547,21.239999771118164,20.540000915527344,20.739999771118164,378507.0
2025-04-14,18.606464385986328,20.899999618530273,21.18000030517578,20.700000762939453,20.920000076293945,279390.0
2025-04-15,18.748905181884766,21.059999465942383,21.399999618530273,20.719999313354492,20.899999618530273,775542.0
2025-04-16,17.894256591796875,20.100000381469727,21.15999984741211,20.0,21.15999984741211,661815.0
2025-04-17,17.894256591796875,20.100000381469727,20.100000381469727,20.100000381469727,20.100000381469727,0.0
2025-04-20,17.84084129333496,20.040000915527344,20.139999389648438,19.920000076293945,20.020000457763672,161537.0
2025-04-21,17.644981384277344,19.81999969482422,20.0,19.739999771118164,20.0,82478.0
2025-04-22,17.78742218017578,19.979999542236328,19.979999542236328,19.760000228881836,19.780000686645508,131855.0
2025-04-23,18.303775787353516,20.559999465942383,20.899999618530273,19.940000534057617,19.979999542236328,1169468.0
2025-04-24,18.517438888549805,20.799999237060547,20.81999969482422,20.440000534057617,20.799999237060547,163652.0
2025-04-27,18.28597068786621,20.540000915527344,20.899999618530273,20.31999969482422,20.540000915527344,90387.0
2025-04-28,18.161334991455078,20.399999618530273,20.540000915527344,20.299999237060547,20.479999542236328,84167.0
2025-04-29,18.374996185302734,20.639999389648438,20.84000015258789,20.360000610351562,20.399999618530273,177538.0
2025-04-30,18.072307586669922,20.299999237060547,20.6200008392334,20.100000381469727,20.6200008392334,368381.0
2025-05-01,17.9832820892334,20.200000762939453,20.5,20.139999389648438,20.200000762939453,210755.0
2025-05-04,17.894256591796875,20.100000381469727,20.219999313354492,20.040000915527344,20.100000381469727,70155.0
2025-05-05,17.716203689575195,19.899999618530273,20.1200008392334,19.799999237060547,20.1200008392334,198771.0
2025-05-06,17.538150787353516,19.700000762939453,19.899999618530273,19.420000076293945,19.780000686645508,327436.0
2025-05-07,17.253267288208008,19.3799991607666,19.6200008392334,19.299999237060547,19.520000457763672,137274.0
2025-05-08,17.271074295043945,19.399999618530273,19.399999618530273,19.200000762939453,19.3799991607666,131285.0
2025-05-11,17.093021392822266,19.200000762939453,19.459999084472656,19.15999984741211,19.420000076293945,59854.0
2025-05-12,17.271074295043945,19.399999618530273,19.479999542236328,19.079999923706055,19.299999237060547,283534.0
2025-05-13,17.34229278564453,19.479999542236328,19.579999923706055,19.34000015258789,19.5,134644.0
2025-05-14,17.271074295043945,19.399999618530273,19.600000381469727,19.360000610351562,19.600000381469727,56877.0
2025-05-15,17.128631591796875,19.239999771118164,19.3799991607666,19.100000381469727,19.3799991607666,177109.0
2025-05-18,17.128631591796875,19.239999771118164,19.239999771118164,19.239999771118164,19.239999771118164,0.0
2025-05-19,16.736915588378906,18.799999237060547,19.18000030517578,18.579999923706055,19.040000915527344,235089.0
2025-05-20,16.59447479248047,18.639999389648438,18.799999237060547,18.5,18.799999237060547,318803.0
2025-05-21,16.576669692993164,18.6200008392334,18.639999389648438,18.540000915527344,18.6200008392334,85133.0
2025-05-22,16.380809783935547,18.399999618530273,18.440000534057617,18.1200008392334,18.239999771118164,285427.0
2025-05-25,15.828850746154785,17.780000686645508,18.360000610351562,17.700000762939453,18.31999969482422,202045.0
2025-05-26,15.615188598632812,17.540000915527344,17.81999969482422,17.15999984741211,17.81999969482422,304696.0
2025-05-27,15.775433540344238,17.719999313354492,17.739999771118164,17.399999618530273,17.579999923706055,285948.0
2025-05-28,15.775433540344238,17.719999313354492,17.81999969482422,17.399999618530273,17.719999313354492,200475.0
2025-05-29,16.095928192138672,18.079999923706055,18.100000381469727,17.559999465942383,17.739999771118164,241778.0
2025-06-01,16.00690269470215,17.979999542236328,17.979999542236328,17.600000381469727,17.780000686645508,114352.0
2025-06-02,15.846654891967773,17.799999237060547,17.940000534057617,17.700000762939453,17.920000076293945,79050.0
2025-06-03,15.775433540344238,17.719999313354492,17.959999084472656,17.719999313354492,17.780000686645508,47097.0
2025-06-04,15.953485488891602,17.920000076293945,17.920000076293945,17.719999313354492,17.719999313354492,144307.0
2025-06-11,15.561769485473633,17.479999542236328,17.959999084472656,17.479999542236328,17.920000076293945,432275.0
2025-06-12,15.223471641540527,17.100000381469727,17.440000534057617,16.920000076293945,17.440000534057617,376868.0
2025-06-15,14.778341293334961,16.600000381469727,16.979999542236328,16.239999771118164,16.239999771118164,148202.0
2025-06-16,15.027613639831543,16.8799991607666,17.0,16.520000457763672,16.520000457763672,205471.0
2025-06-17,14.778341293334961,16.600000381469727,16.959999084472656,16.420000076293945,16.799999237060547,172576.0
2025-06-18,14.493457794189453,16.280000686645508,16.639999389648438,16.200000762939453,16.600000381469727,349635.0
2025-06-19,14.386625289916992,16.15999984741211,16.299999237060547,15.859999656677246,16.299999237060547,258633.0
2025-06-22,14.386625289916992,16.15999984741211,16.399999618530273,16.059999465942383,16.139999389648438,85540.0
2025-06-23,14.511261940002441,16.299999237060547,16.399999618530273,15.920000076293945,16.059999465942383,448737.0
2025-06-24,14.760536193847656,16.579999923706055,16.799999237060547,16.440000534057617,16.799999237060547,805198.0
2025-06-25,14.992003440856934,16.84000015258789,16.899999618530273,16.600000381469727,16.8799991607666,297094.0
2025-06-26,15.312498092651367,17.200000762939453,17.219999313354492,16.739999771118164,16.739999771118164,262003.0
2025-06-29,15.579575538635254,17.5,17.5,17.239999771118164,17.260000228881836,99420.0
2025-06-30,15.49055004119873,17.399999618530273,17.549999237060547,17.260000228881836,17.5,235424.0
2025-07-01,15.588479042053223,17.510000228881836,17.579999923706055,17.3799991607666,17.399999618530273,124456.0
2025-07-02,15.41042709350586,17.309999465942383,17.510000228881836,17.229999542236328,17.229999542236328,149456.0
2025-07-03,15.579575538635254,17.5,17.6299991607666,17.229999542236328,17.229999542236328,175736.0
2025-07-06,15.713115692138672,17.649999618530273,17.700000762939453,17.479999542236328,17.600000381469727,109162.0
2025-07-07,15.624088287353516,17.549999237060547,17.889999389648438,17.5,17.600000381469727,323733.0
2025-07-08,15.597382545471191,17.520000457763672,17.81999969482422,17.469999313354492,17.549999237060547,233263.0
2025-07-09,15.597382545471191,17.520000457763672,17.56999969482422,17.389999389648438,17.489999771118164,140395.0
2025-07-10,15.659700393676758,17.59000015258789,17.610000610351562,17.420000076293945,17.440000534057617,201276.0
2025-07-13,15.69530963897705,17.6299991607666,17.65999984741211,17.5,17.59000015258789,121768.0
2025-07-14,15.267983436584473,17.149999618530273,17.649999618530273,17.09000015258789,17.6299991607666,370975.0
2025-07-15,14.920783042907715,16.760000228881836,17.149999618530273,16.700000762939453,17.1200008392334,363421.0
2025-07-16,14.600288391113281,16.399999618530273,16.739999771118164,16.3799991607666,16.700000762939453,201945.0
2025-07-17,14.600288391113281,16.399999618530273,16.399999618530273,16.399999618530273,16.399999618530273,0.0
2025-07-20,14.333210945129395,16.100000381469727,16.5,16.100000381469727,16.299999237060547,271193.0
2025-07-21,14.867368698120117,16.700000762939453,16.700000762939453,15.930000305175781,16.100000381469727,361769.0
2025-07-22,14.546873092651367,16.34000015258789,16.700000762939453,16.190000534057617,16.700000762939453,141236.0
2025-07-23,14.867368698120117,16.700000762939453,16.709999084472656,16.190000534057617,16.389999389648438,239603.0
2025-07-24,15.107736587524414,16.969999313354492,17.0,16.649999618530273,16.65999984741211,223527.0
2025-07-27,14.902976989746094,16.739999771118164,17.010000228881836,16.65999984741211,16.969999313354492,115420.0
2025-07-28,14.742730140686035,16.559999465942383,16.770000457763672,16.459999084472656,16.770000457763672,234680.0
2025-07-29,14.911879539489746,16.75,16.950000762939453,16.6200008392334,16.920000076293945,516528.0
2025-07-30,14.831756591796875,16.65999984741211,17.040000915527344,16.649999618530273,16.860000610351562,587914.0
2025-07-31,14.885170936584473,16.719999313354492,17.0,16.579999923706055,16.65999984741211,499766.0
2025-08-03,15.134445190429688,17.0,17.09000015258789,16.6299991607666,16.700000762939453,469362.0
2025-08-04,15.383718490600586,17.280000686645508,17.280000686645508,16.739999771118164,17.09000015258789,921933.0
2025-08-05,15.309712409973145,16.549999237060547,17.43000030517578,16.520000457763672,17.420000076293945,858030.0
2025-08-06,15.254210472106934,16.489999771118164,16.6200008392334,16.399999618530273,16.610000610351562,244637.0
2025-08-07,15.263460159301758,16.5,16.549999237060547,16.31999969482422,16.489999771118164,264627.0
2025-08-10,15.11545181274414,16.34000015258789,16.540000915527344,16.280000686645508,16.5,136241.0
2025-08-11,14.939690589904785,16.149999618530273,16.5,16.049999237060547,16.34000015258789,214205.0
2025-08-12,14.939690589904785,16.149999618530273,16.329999923706055,16.059999465942383,16.200000762939453,312728.0
2025-08-13,14.884186744689941,16.09000015258789,16.229999542236328,16.079999923706055,16.15999984741211,108257.0
2025-08-14,14.902688980102539,16.110000610351562,16.190000534057617,16.010000228881836,16.09000015258789,206245.0
2025-08-17,15.041446685791016,16.260000228881836,16.350000381469727,16.110000610351562,16.110000610351562,99321.0
2025-08-18,15.133953094482422,16.360000610351562,16.3700008392334,16.190000534057617,16.239999771118164,207560.0
2025-08-19,15.041446685791016,16.260000228881836,16.3799991607666,16.260000228881836,16.360000610351562,174413.0
2025-08-20,14.95819091796875,16.170000076293945,16.25,16.1299991607666,16.25,138591.0
2025-08-21,15.022945404052734,16.239999771118164,16.25,16.149999618530273,16.200000762939453,91837.0
2025-08-24,15.143203735351562,16.3700008392334,16.479999542236328,16.25,16.270000457763672,266007.0
2025-08-25,14.930438995361328,16.139999389648438,16.489999771118164,16.110000610351562,16.34000015258789,330684.0
2025-08-26,15.087698936462402,16.309999465942383,16.309999465942383,16.110000610351562,16.170000076293945,224768.0
2025-08-27,15.050697326660156,16.270000457763672,16.399999618530273,16.260000228881836,16.309999465942383,89860.0
2025-08-28,14.995193481445312,16.209999084472656,16.299999237060547,16.200000762939453,16.270000457763672,123578.0
2025-08-31,14.985943794250488,16.200000762939453,16.260000228881836,16.1299991607666,16.200000762939453,54282.0
2025-09-01,14.717676162719727,15.90999984741211,16.200000762939453,15.850000381469727,16.200000762939453,227023.0
2025-09-02,14.615920066833496,15.800000190734863,16.0,15.579999923706055,15.850000381469727,282781.0
2025-09-03,14.708425521850586,15.899999618530273,15.90999984741211,15.800000190734863,15.880000114440918,92005.0
2025-09-04,14.708425521850586,15.899999618530273,15.930000305175781,15.600000381469727,15.850000381469727,222556.0
2025-09-07,14.440157890319824,15.609999656677246,15.800000190734863,15.600000381469727,15.75,184822.0
2025-09-08,14.264397621154785,15.420000076293945,15.680000305175781,15.420000076293945,15.630000114440918,356213.0
2025-09-09,14.292149543762207,15.449999809265137,15.539999961853027,15.199999809265137,15.479999542236328,376500.0
2025-09-10,14.09788703918457,15.239999771118164,15.470000267028809,15.180000305175781,15.470000267028809,199623.0
2025-09-11,14.09788703918457,15.239999771118164,15.239999771118164,15.039999961853027,15.239999771118164,299101.0
2025-09-14,13.922125816345215,15.050000190734863,15.25,14.989999771118164,15.25,302654.0
2025-09-15,13.940627098083496,15.069999694824219,15.1899995803833,14.979999542236328,15.0600004196167,293301.0
2025-09-16,14.042384147644043,15.180000305175781,15.199999809265137,15.0,15.069999694824219,369538.0
2025-09-17,14.255146980285645,15.40999984741211,15.420000076293945,15.130000114440918,15.130000114440918,475378.0
2025-09-18,14.486411094665527,15.65999984741211,15.65999984741211,15.359999656677246,15.420000076293945,187387.0
2025-09-21,14.421658515930176,15.59000015258789,15.65999984741211,15.479999542236328,15.600000381469727,258724.0
2025-09-22,14.227395057678223,15.380000114440918,15.5600004196167,15.359999656677246,15.5600004196167,381250.0
2025-09-24,14.745427131652832,15.9399995803833,15.970000267028809,15.5,15.5,554040.0
2025-09-25,14.745427131652832,15.9399995803833,15.9399995803833,15.9399995803833,15.9399995803833,0.0
2025-09-28,14.412406921386719,15.579999923706055,15.619999885559082,15.5,15.520000457763672,146125.0
2025-09-29,14.467910766601562,15.640000343322754,15.649999618530273,15.510000228881836,15.579999923706055,336675.0
2025-09-30,14.578917503356934,15.760000228881836,15.789999961853027,15.630000114440918,15.680000305175781,220060.0
2025-10-01,14.578917503356934,15.760000228881836,15.789999961853027,15.630000114440918,15.680000305175781,220060.0
2025-10-02,14.541915893554688,15.720000267028809,15.8100004196167,15.699999809265137,15.770000457763672,151817.0
2025-10-05,14.560416221618652,15.739999771118164,15.8100004196167,15.600000381469727,15.720000267028809,219173.0
2025-10-06,14.597418785095215,15.779999732971191,15.800000190734863,15.680000305175781,15.739999771118164,231555.0
2025-10-07,14.504913330078125,15.680000305175781,15.760000228881836,15.649999618530273,15.699999809265137,188817.0
2025-10-08,14.375405311584473,15.539999961853027,15.699999809265137,15.479999542236328,15.649999618530273,386120.0
2025-10-09,14.273648262023926,15.430000305175781,15.59000015258789,15.430000305175781,15.59000015258789,258849.0
2025-10-12,14.153390884399414,15.300000190734863,15.479999542236328,15.229999542236328,15.479999542236328,291837.0
2025-10-13,14.449409484863281,15.619999885559082,15.65999984741211,15.279999732971191,15.279999732971191,515732.0
2025-10-14,14.847184181213379,16.049999237060547,16.200000762939453,15.529999732971191,15.579999923706055,1130546.0
2025-10-15,14.837934494018555,16.040000915527344,16.149999618530273,15.770000457763672,16.149999618530273,538915.0
2025-10-16,14.782429695129395,15.979999542236328,16.1299991607666,15.890000343322754,16.040000915527344,250395.0
2025-10-19,14.930438995361328,16.139999389648438,16.200000762939453,15.979999542236328,15.979999542236328,178114.0
2025-10-20,14.77318000793457,15.970000267028809,16.170000076293945,15.859999656677246,16.170000076293945,201940.0
2025-10-21,14.060884475708008,15.199999809265137,15.899999618530273,15.119999885559082,15.899999618530273,884513.0
2025-10-22,13.598356246948242,14.699999809265137,15.199999809265137,14.65999984741211,15.199999809265137,961595.0
2025-10-23,13.764866828918457,14.880000114440918,14.920000076293945,14.5600004196167,14.720000267028809,390398.0
2025-10-26,13.74636459350586,14.859999656677246,14.970000267028809,14.819999694824219,14.880000114440918,191336.0
2025-10-27,13.829619407653809,14.949999809265137,15.0,14.859999656677246,14.9399995803833,189734.0
2025-10-28,13.885124206542969,15.010000228881836,15.489999771118164,14.949999809265137,15.0,168458.0
2025-10-29,13.505850791931152,14.600000381469727,14.710000038146973,14.569999694824219,14.699999809265137,487788.0
2025-10-30,13.487348556518555,14.579999923706055,14.670000076293945,14.529999732971191,14.600000381469727,381153.0
2025-11-02,13.256084442138672,14.329999923706055,14.489999771118164,14.319999694824219,14.489999771118164,549467.0
2025-11-03,13.071072578430176,14.130000114440918,14.300000190734863,14.079999923706055,14.300000190734863,462987.0
2025-11-04,13.024819374084473,14.079999923706055,14.15999984741211,14.029999732971191,14.130000114440918,170729.0
2025-11-05,12.941564559936523,13.989999771118164,14.079999923706055,13.920000076293945,14.079999923706055,234918.0
2025-11-06,12.867560386657715,13.90999984741211,13.989999771118164,13.890000343322754,13.989999771118164,148707.0
2025-11-09,12.654797554016113,13.680000305175781,13.920000076293945,13.5,13.90999984741211,208161.0
2025-11-10,12.756552696228027,13.789999961853027,13.789999961853027,13.65999984741211,13.699999809265137,168030.0
2025-11-11,12.60854434967041,13.630000114440918,13.789999961853027,13.600000381469727,13.789999961853027,183868.0
2025-11-12,12.516037940979004,13.529999732971191,13.670000076293945,13.479999542236328,13.59000015258789,373937.0
2025-11-13,12.395780563354492,13.399999618530273,13.550000190734863,13.34000015258789,13.550000190734863,254490.0
2025-11-16,12.210768699645996,13.199999809265137,13.359999656677246,13.039999961853027,13.359999656677246,130944.0
2025-11-17,12.173766136169434,13.15999984741211,13.260000228881836,13.039999961853027,13.25,98479.0
2025-11-18,12.062759399414062,13.039999961853027,13.140000343322754,13.039999961853027,13.079999923706055,227365.0
2025-11-19,12.090511322021484,13.069999694824219,13.140000343322754,13.0,13.09000015258789,175581.0
2025-11-20,12.062759399414062,13.039999961853027,13.109999656677246,13.010000228881836,13.029999732971191,180477.0
2025-11-23,12.072010040283203,13.050000190734863,13.09000015258789,13.020000457763672,13.039999961853027,66938.0
2025-11-24,12.072010040283203,13.050000190734863,13.260000228881836,12.979999542236328,13.020000457763672,168736.0
2025-11-25,11.942501068115234,12.90999984741211,13.050000190734863,12.899999618530273,13.039999961853027,167383.0
2025-11-26,11.812994003295898,12.770000457763672,12.90999984741211,12.729999542236328,12.899999618530273,179223.0
2025-11-27,11.785242080688477,12.739999771118164,12.84000015258789,12.739999771118164,12.800000190734863,142703.0
2025-11-30,11.738988876342773,12.6899995803833,12.829999923706055,12.65999984741211,12.739999771118164,87925.0
2025-12-01,11.738988876342773,12.6899995803833,12.779999732971191,12.5600004196167,12.779999732971191,179622.0
2025-12-02,11.840744972229004,12.800000190734863,12.829999923706055,12.65999984741211,12.699999809265137,323324.0
2025-12-03,11.979503631591797,12.949999809265137,13.029999732971191,12.8100004196167,12.819999694824219,121909.0
2025-12-04,11.914750099182129,12.880000114440918,13.020000457763672,12.880000114440918,13.0,141621.0
2025-12-07,11.914750099182129,12.880000114440918,12.970000267028809,12.770000457763672,12.880000114440918,152508.0
2025-12-08,11.859246253967285,12.819999694824219,12.979999542236328,12.800000190734863,12.920000076293945,304412.0
2025-12-09,11.812994003295898,12.770000457763672,12.899999618530273,12.6899995803833,12.899999618530273,544224.0
2025-12-10,11.988754272460938,12.960000038146973,13.069999694824219,12.770000457763672,12.779999732971191,317822.0
2025-12-11,11.942501068115234,12.90999984741211,13.119999885559082,12.850000381469727,13.0,318434.0
2025-12-14,11.738988876342773,12.6899995803833,12.920000076293945,12.680000305175781,12.90999984741211,80881.0
2025-12-15,11.886998176574707,12.850000381469727,12.850000381469727,12.630000114440918,12.710000038146973,283126.0
2025-12-16,11.7944917678833,12.75,12.899999618530273,12.670000076293945,12.850000381469727,223932.0
2025-12-17,11.68348503112793,12.630000114440918,12.729999542236328,12.569999694824219,12.710000038146973,160946.0
2025-12-18,11.729738235473633,12.680000305175781,12.680000305175781,12.369999885559082,12.640000343322754,429222.0
2025-12-21,11.785242080688477,12.739999771118164,12.779999732971191,12.609999656677246,12.609999656677246,104387.0
2025-12-22,11.701986312866211,12.649999618530273,12.729999542236328,12.569999694824219,12.729999542236328,316087.0
2025-12-23,11.785242080688477,12.739999771118164,12.739999771118164,12.619999885559082,12.649999618530273,112711.0
2025-12-24,11.729738235473633,12.680000305175781,12.739999771118164,12.600000381469727,12.739999771118164,104139.0
2025-12-25,11.692736625671387,12.640000343322754,12.65999984741211,12.600000381469727,12.65999984741211,38669.0
2025-12-28,11.24870777130127,12.15999984741211,12.640000343322754,12.100000381469727,12.640000343322754,299666.0
2025-12-29,11.535475730895996,12.470000267028809,12.470000267028809,12.140000343322754,12.210000038146973,94763.0
2025-12-30,11.378215789794922,12.300000190734863,12.449999809265137,12.279999732971191,12.3100004196167,146336.0
2025-12-31,11.664983749389648,12.609999656677246,12.739999771118164,12.300000190734863,12.300000190734863,205718.0
2026-01-01,11.77599048614502,12.729999542236328,12.770000457763672,12.680000305175781,12.720000267028809,96894.0
2026-01-04,11.516974449157715,12.449999809265137,12.600000381469727,12.399999618530273,12.510000228881836,101842.0
2026-01-05,11.563227653503418,12.5,12.600000381469727,12.359999656677246,12.40999984741211,249423.0
2026-01-06,11.711236953735352,12.65999984741211,12.720000267028809,12.380000114440918,12.510000228881836,280186.0
2026-01-07,11.748239517211914,12.699999809265137,12.920000076293945,12.619999885559082,12.829999923706055,201111.0
2026-01-08,11.840744972229004,12.800000190734863,12.84000015258789,12.569999694824219,12.819999694824219,162445.0
2026-01-11,12.118263244628906,13.100000381469727,13.140000343322754,12.829999923706055,12.850000381469727,157423.0
2026-01-12,12.2570219039917,13.25,13.420000076293945,13.109999656677246,13.109999656677246,283896.0
2026-01-13,12.395780563354492,13.399999618530273,13.449999809265137,13.170000076293945,13.289999961853027,295276.0
2026-01-14,12.26627254486084,13.260000228881836,13.4399995803833,13.229999542236328,13.319999694824219,206526.0
2026-01-15,12.155264854431152,13.140000343322754,13.289999961853027,13.079999923706055,13.260000228881836,167775.0
2026-01-18,12.303275108337402,13.300000190734863,13.380000114440918,13.199999809265137,13.380000114440918,77554.0
2026-01-19,12.201517105102539,13.1899995803833,13.300000190734863,13.180000305175781,13.25,84992.0
2026-01-20,12.331026077270508,13.329999923706055,13.399999618530273,13.1899995803833,13.210000038146973,185652.0
2026-01-21,12.386529922485352,13.390000343322754,13.430000305175781,13.279999732971191,13.380000114440918,119477.0
2026-01-22,12.368027687072754,13.369999885559082,13.460000038146973,13.25,13.25,149989.0
2026-01-25,12.60854434967041,13.630000114440918,13.699999809265137,13.34000015258789,13.399999618530273,272114.0
2026-01-26,12.55303955078125,13.569999694824219,13.789999961853027,13.510000228881836,13.789999961853027,119499.0
2026-01-27,12.719550132751465,13.75,13.859999656677246,13.5600004196167,13.569999694824219,247444.0
2026-01-28,12.728801727294922,13.760000228881836,13.829999923706055,13.6899995803833,13.75,126390.0
2026-01-29,12.525288581848145,13.539999961853027,13.829999923706055,13.510000228881836,13.829999923706055,414652.0
2026-02-01,12.386529922485352,13.390000343322754,13.600000381469727,13.300000190734863,13.539999961853027,94544.0
2026-02-02,12.506787300109863,13.520000457763672,13.539999961853027,13.270000457763672,13.380000114440918,41048.0
2026-02-03,12.321775436401367,13.319999694824219,13.59000015258789,13.3100004196167,13.3100004196167,402655.0
2026-02-04,12.303275108337402,13.300000190734863,13.399999618530273,13.229999542236328,13.399999618530273,303437.0
2026-02-05,12.238519668579102,13.229999542236328,13.399999618530273,13.069999694824219,13.399999618530273,181342.0
2026-02-08,12.395780563354492,13.399999618530273,13.539999961853027,13.229999542236328,13.229999542236328,159616.0
2026-02-09,12.368027687072754,13.369999885559082,13.5,13.350000381469727,13.420000076293945,146310.0
2026-02-10,12.368027687072754,13.369999885559082,13.460000038146973,13.369999885559082,13.369999885559082,318724.0
2026-02-11,12.146014213562012,13.130000114440918,13.460000038146973,13.130000114440918,13.369999885559082,224526.0
2026-02-12,12.229269981384277,13.220000267028809,13.239999771118164,13.140000343322754,13.140000343322754,158628.0
2026-02-15,12.331026077270508,13.329999923706055,13.329999923706055,13.170000076293945,13.279999732971191,193094.0
2026-02-16,12.247770309448242,13.239999771118164,13.239999771118164,13.100000381469727,13.149999618530273,487573.0
2026-02-17,12.053507804870605,13.029999732971191,13.34000015258789,13.029999732971191,13.239999771118164,352670.0
2026-02-18,12.220019340515137,13.210000038146973,13.260000228881836,13.029999732971191,13.029999732971191,158174.0
2026-02-19,11.933250427246094,12.899999618530273,13.239999771118164,12.899999618530273,13.239999771118164,233492.0
2026-02-23,11.785242080688477,12.739999771118164,12.9399995803833,12.34000015258789,12.890000343322754,291631.0
2026-02-24,11.526226043701172,12.460000038146973,12.75,12.460000038146973,12.75,195174.0
2026-02-25,11.25795841217041,12.170000076293945,12.489999771118164,12.170000076293945,12.420000076293945,551131.0
2026-02-26,10.638169288635254,11.5,12.229999542236328,11.5,12.170000076293945,2784424.0
2026-03-01,10.443907737731934,11.289999961853027,11.5,10.899999618530273,10.899999618530273,614608.0
2026-03-02,10.406905174255371,11.25,11.430000305175781,11.15999984741211,11.180000305175781,569342.0
2026-03-03,10.601167678833008,11.460000038146973,11.510000228881836,11.1899995803833,11.25,434114.0
2026-03-04,10.684422492980957,11.550000190734863,11.65999984741211,11.479999542236328,11.600000381469727,436100.0
2026-03-05,10.776927947998047,11.649999618530273,11.760000228881836,11.569999694824219,11.569999694824219,316081.0
2026-03-08,10.878684997558594,11.760000228881836,11.789999961853027,11.59000015258789,11.680000305175781,235725.0
2026-03-09,10.767678260803223,11.640000343322754,11.789999961853027,11.550000190734863,11.789999961853027,345333.0
2026-03-10,10.804679870605469,11.680000305175781,11.680000305175781,11.5,11.640000343322754,315580.0
2026-03-11,10.887935638427734,11.770000457763672,11.770000457763672,11.630000114440918,11.680000305175781,184423.0
2026-03-12,10.82318115234375,11.699999809265137,11.819999694824219,11.640000343322754,11.720000267028809,253162.0
2026-03-15,10.878684997558594,11.760000228881836,11.899999618530273,11.529999732971191,11.710000038146973,153359.0
2026-03-16,11.294960975646973,12.210000038146973,12.210000038146973,11.680000305175781,11.760000228881836,522435.0
2026-03-24,11.461471557617188,12.390000343322754,12.800000190734863,12.390000343322754,12.399999618530273,3714922.0
2026-03-25,11.83149528503418,12.789999961853027,12.859999656677246,12.5,12.5,340657.0
2026-03-26,12.0257568359375,13.0,13.050000190734863,12.800000190734863,12.800000190734863,341364.0
2026-03-29,12.312524795532227,13.3100004196167,13.34000015258789,13.010000228881836,13.010000228881836,657003.0
2026-03-30,12.312524795532227,13.3100004196167,13.34000015258789,13.010000228881836,13.010000228881836,657003.0
2026-03-31,12.11068058013916,12.600000381469727,12.779999732971191,12.569999694824219,12.569999694824219,724778.0
2026-04-01,12.053009986877441,12.539999961853027,12.760000228881836,12.539999961853027,12.649999618530273,606189.0
2026-04-02,11.96650505065918,12.449999809265137,12.569999694824219,12.40999984741211,12.539999961853027,485151.0
2026-04-05,11.976117134094238,12.460000038146973,12.529999732971191,12.420000076293945,12.460000038146973,1001157.0
2026-04-06,12.091456413269043,12.579999923706055,12.680000305175781,12.430000305175781,12.460000038146973,635893.0
2026-04-07,11.687767028808594,12.15999984741211,12.569999694824219,12.109999656677246,12.569999694824219,740068.0
2026-04-08,11.956892967224121,12.4399995803833,12.5600004196167,12.319999694824219,12.319999694824219,436641.0
2026-04-09,11.841553688049316,12.319999694824219,12.489999771118164,12.270000457763672,12.4399995803833,458178.0
2026-04-12,11.841553688049316,12.319999694824219,12.40999984741211,12.300000190734863,12.300000190734863,248963.0
2026-04-13,11.668543815612793,12.140000343322754,12.319999694824219,12.09000015258789,12.319999694824219,495248.0
2026-04-14,11.764659881591797,12.239999771118164,12.25,12.130000114440918,12.15999984741211,542438.0
2026-04-15,11.783884048461914,12.260000228881836,12.34000015258789,12.199999809265137,12.199999809265137,610399.0
2026-04-16,11.889612197875977,12.369999885559082,12.470000267028809,12.25,12.300000190734863,392436.0
2026-04-19,11.678154945373535,12.149999618530273,12.380000114440918,12.09000015258789,12.380000114440918,569857.0
2026-04-20,11.726213455200195,12.199999809265137,12.300000190734863,12.109999656677246,12.149999618530273,379397.0
2026-04-21,11.716601371765137,12.1899995803833,12.359999656677246,12.1899995803833,12.239999771118164,628770.0
2026-04-22,11.735825538635254,12.210000038146973,12.359999656677246,12.199999809265137,12.229999542236328,723438.0
2026-04-23,11.601262092590332,12.069999694824219,12.210000038146973,12.020000457763672,12.199999809265137,1272126.0
2026-04-26,11.54359245300293,12.010000228881836,12.09000015258789,11.989999771118164,12.069999694824219,415246.0
2026-04-27,11.56281566619873,12.029999732971191,12.140000343322754,11.970000267028809,12.010000228881836,2102661.0
2026-04-28,11.889612197875977,12.369999885559082,12.539999961853027,12.100000381469727,12.149999618530273,3353355.0
2026-04-29,11.774271965026855,12.25,12.34000015258789,12.199999809265137,12.3100004196167,2051292.0
2026-04-30,12.01456356048584,12.5,12.539999961853027,12.199999809265137,12.34000015258789,1471785.0
2026-05-03,12.11068058013916,12.600000381469727,12.6899995803833,12.430000305175781,12.510000228881836,720490.0
2026-05-04,12.11068058013916,12.600000381469727,12.600000381469727,12.600000381469727,12.600000381469727,0.0
2026-05-05,11.812718391418457,12.289999961853027,12.319999694824219,12.149999618530273,12.270000457763672,1168145.0
2026-05-06,11.774271965026855,12.25,12.359999656677246,12.210000038146973,12.300000190734863,452260.0
2026-05-07,11.803107261657715,12.279999732971191,12.279999732971191,12.149999618530273,12.25,793739.0
2026-05-10,11.764659881591797,12.239999771118164,12.329999923706055,12.210000038146973,12.279999732971191,367414.0
2026-05-11,11.697379112243652,12.170000076293945,12.289999961853027,12.170000076293945,12.289999961853027,727096.0
2026-05-12,11.65893268585205,12.130000114440918,12.210000038146973,12.079999923706055,12.180000305175781,874558.0
2026-05-13,11.62048625946045,12.09000015258789,12.140000343322754,12.029999732971191,12.140000343322754,471423.0
2026-05-14,11.533981323242188,12.0,12.09000015258789,11.970000267028809,12.09000015258789,605684.0
2026-05-17,11.56281566619873,12.029999732971191,12.029999732971191,11.970000267028809,12.010000228881836,280416.0
2026-05-18,11.485922813415527,11.949999809265137,12.050000190734863,11.90999984741211,12.050000190734863,348126.0
2026-05-19,11.582038879394531,12.050000190734863,12.100000381469727,11.9399995803833,11.960000038146973,274707.0
2026-05-20,11.668543815612793,12.140000343322754,12.180000305175781,12.0,12.0600004196167,184628.0
2026-05-21,11.716601371765137,12.1899995803833,12.199999809265137,12.010000228881836,12.119999885559082,121639.0
2026-05-24,11.716601371765137,12.1899995803833,12.1899995803833,12.1899995803833,12.1899995803833,0.0
2026-05-25,11.716601371765137,12.1899995803833,12.1899995803833,12.1899995803833,12.1899995803833,0.0
2026-05-26,11.716601371765137,12.1899995803833,12.1899995803833,12.1899995803833,12.1899995803833,0.0
2026-05-27,11.716601371765137,12.1899995803833,12.1899995803833,12.1899995803833,12.1899995803833,0.0
2026-05-28,11.716601371765137,12.1899995803833,12.1899995803833,12.1899995803833,12.1899995803833,0.0
2026-05-31,11.726213455200195,12.199999809265137,12.25,12.180000305175781,12.199999809265137,147402.0
2026-06-01,11.726213455200195,12.199999809265137,12.229999542236328,12.15999984741211,12.199999809265137,278977.0
2026-06-02,11.668543815612793,12.140000343322754,12.239999771118164,12.100000381469727,12.199999809265137,386465.0
2026-06-03,11.601262092590332,12.069999694824219,12.180000305175781,12.0600004196167,12.119999885559082,644086.0
2026-06-04,11.524369239807129,11.989999771118164,12.09000015258789,11.970000267028809,12.09000015258789,1034675.0
2026-06-07,11.54359245300293,12.010000228881836,12.09000015258789,11.949999809265137,11.989999771118164,570583.0
2026-06-08,11.437864303588867,11.899999618530273,12.010000228881836,11.880000114440918,12.0,1254649.0
2026-06-09,11.332136154174805,11.789999961853027,12.010000228881836,11.739999771118164,11.90999984741211,1360426.0
2026-06-10,11.245631217956543,11.699999809265137,11.779999732971191,11.649999618530273,11.779999732971191,1139184.0
2026-06-11,11.18796157836914,11.640000343322754,11.729999542236328,11.619999885559082,11.720000267028809,533855.0
2026-06-14,11.236019134521484,11.6899995803833,11.760000228881836,11.670000076293945,11.739999771118164,508754.0
2026-06-15,11.418641090393066,11.880000114440918,11.970000267028809,11.739999771118164,11.739999771118164,1258262.0
2026-06-16,11.380194664001465,11.84000015258789,11.949999809265137,11.800000190734863,11.930000305175781,829364.0
2026-06-17,11.322524070739746,11.779999732971191,11.84000015258789,11.75,11.84000015258789,1485352.0
2026-06-18,11.101456642150879,11.550000190734863,11.779999732971191,11.510000228881836,11.779999732971191,1173149.0
2026-06-21,11.072622299194336,11.520000457763672,11.5600004196167,11.489999771118164,11.5600004196167,551151.0
2026-06-22,10.976505279541016,11.420000076293945,11.529999732971191,11.380000114440918,11.529999732971191,481756.0
2026-06-23,10.793883323669434,11.229999542236328,11.420000076293945,11.229999542236328,11.420000076293945,805920.0
2026-06-24,10.918834686279297,11.359999656677246,11.4399995803833,11.229999542236328,11.229999542236328,1168728.0
2026-06-25,10.870777130126953,11.3100004196167,11.369999885559082,11.300000190734863,11.359999656677246,735582.0
2026-06-28,10.841941833496094,11.279999732971191,11.350000381469727,11.260000228881836,11.350000381469727,463872.0
2026-06-29,10.822718620300293,11.260000228881836,11.289999961853027,11.15999984741211,11.289999961853027,632847.0
2026-06-30,10.841941833496094,11.279999732971191,11.380000114440918,11.25,11.270000457763672,229948.0
2026-07-01,10.861165046691895,11.300000190734863,11.399999618530273,11.25,11.369999885559082,495263.0
2026-07-02,10.81310749053955,11.25,11.319999694824219,11.25,11.300000190734863,267457.0
2026-07-05,10.74582576751709,11.180000305175781,11.319999694824219,11.170000076293945,11.319999694824219,367332.0
2026-07-06,10.668932914733887,11.100000381469727,11.220000267028809,11.09000015258789,11.220000267028809,457859.0
2026-07-07,10.64970874786377,11.079999923706055,11.119999885559082,11.069999694824219,11.119999885559082,779755.0
2026-07-08,10.572815895080566,11.0,11.079999923706055,10.979999542236328,11.069999694824219,614582.0
2026-07-09,10.55359172821045,10.979999542236328,11.020000457763672,10.920000076293945,11.0,536347.0
2026-07-12,10.515145301818848,10.9399995803833,11.0,10.930000305175781,10.979999542236328,479275.0
2026-07-13,10.332524299621582,10.75,10.960000038146973,10.75,10.960000038146973,1152654.0
2026-07-14,10.073009490966797,10.479999542236328,10.75,10.460000038146973,10.75,1990211.0
2026-07-15,10.101844787597656,10.510000228881836,10.65999984741211,10.489999771118164,10.5,493747.0
2026-07-16,10.140291213989258,10.550000190734863,10.609999656677246,10.489999771118164,10.520000457763672,610048.0
2026-07-19,10.092233657836914,10.5,10.550000190734863,10.430000305175781,10.550000190734863,382162.0
2026-07-20,9.85194206237793,10.25,10.5,10.25,10.5,847412.0
2026-07-21,9.928834915161133,10.329999923706055,10.430000305175781,10.229999542236328,10.270000457763672,632346.0
2026-07-22,10.034563064575195,10.4399995803833,10.449999809265137,10.329999923706055,10.329999923706055,413270.0
2026-07-23,10.044175148010254,10.449999809265137,10.449999809265137,10.319999694824219,10.449999809265137,368594.0
2026-07-26,10.044175148010254,10.449999809265137,10.529999732971191,10.350000381469727,10.4399995803833,899346.0
2026-07-27,9.94805908203125,10.350000381469727,10.449999809265137,10.260000228881836,10.449999809265137,641307.0
2026-07-28,9.813495635986328,10.210000038146973,10.359999656677246,10.199999809265137,10.359999656677246,638262.0
2026-07-29,9.746213912963867,10.140000343322754,10.229999542236328,10.079999923706055,10.220000267028809,736751.0
2026-07-30,9.698155403137207,10.09000015258789,10.199999809265137,10.079999923706055,10.149999618530273,492698.0
2026-08-02,9.707767486572266,10.100000381469727,10.220000267028809,10.0600004196167,10.0600004196167,621196.0
2026-08-03,9.784660339355469,10.180000305175781,10.1899995803833,10.100000381469727,10.140000343322754,591574.0
2026-08-04,9.75582504272461,10.149999618530273,10.229999542236328,10.119999885559082,10.220000267028809,838547.0
2026-08-05,9.794271469116211,10.1899995803833,10.260000228881836,10.149999618530273,10.149999618530273,479399.0
2026-08-06,9.75582504272461,10.149999618530273,10.199999809265137,10.109999656677246,10.199999809265137,640265.0
2026-08-09,9.861554145812988,10.260000228881836,10.289999961853027,10.140000343322754,10.170000076293945,1292043.0
2026-08-10,10.024951934814453,10.430000305175781,10.4399995803833,10.210000038146973,10.260000228881836,800973.0
2026-08-11,10.015339851379395,10.420000076293945,10.550000190734863,10.380000114440918,10.430000305175781,833571.0
2026-08-12,9.90000057220459,10.300000190734863,10.399999618530273,10.260000228881836,10.390000343322754,904057.0
2026-08-13,9.90000057220459,10.300000190734863,10.350000381469727,10.25,10.300000190734863,787525.0
2026-08-16,10.300000190734863,10.300000190734863,10.300000190734863,10.300000190734863,10.300000190734863,0.0
2026-08-17,10.029999732971191,10.029999732971191,10.119999885559082,9.989999771118164,10.100000381469727,856155.0
2026-08-18,10.029999732971191,10.029999732971191,10.109999656677246,10.020000457763672,10.0600004196167,583712.0
2026-08-19,10.09000015258789,10.09000015258789,10.140000343322754,10.039999961853027,10.0600004196167,515819.0
2026-08-20,10.149999618530273,10.149999618530273,10.180000305175781,10.09000015258789,10.09000015258789,504577.0
2026-08-23,10.220000267028809,10.220000267028809,10.239999771118164,10.170000076293945,10.180000305175781,232923.0
2026-08-24,10.239999771118164,10.239999771118164,10.319999694824219,10.180000305175781,10.199999809265137,621283.0
2026-08-25,10.239999771118164,10.239999771118164,10.270000457763672,10.180000305175781,10.260000228881836,367296.0
2026-08-26,10.1899995803833,10.1899995803833,10.300000190734863,10.1899995803833,10.239999771118164,583868.0
2026-08-27,10.289999961853027,10.289999961853027,10.329999923706055,10.1899995803833,10.210000038146973,310181.0
2026-08-30,10.279999732971191,10.279999732971191,10.319999694824219,10.260000228881836,10.3100004196167,360489.0
2026-08-31,10.210000038146973,10.210000038146973,10.279999732971191,10.210000038146973,10.279999732971191,314392.0
2026-09-01,10.210000038146973,10.210000038146973,10.260000228881836,10.210000038146973,10.239999771118164,264577.0
2026-09-02,10.199999809265137,10.199999809265137,10.229999542236328,10.180000305175781,10.229999542236328,415507.0
2026-09-03,10.260000228881836,10.260000228881836,10.279999732971191,10.220000267028809,10.220000267028809,186217.0
2026-09-06,10.260000228881836,10.260000228881836,10.279999732971191,10.220000267028809,10.220000267028809,186217.0
2026-09-07,10.319999694824219,10.319999694824219,10.369999885559082,10.260000228881836,10.369999885559082,323141.0
