Date,Adj Close,Close,High,Low,Open,Volume
2025-01-02,53.08390426635742,54.439998626708984,55.88999938964844,54.36000061035156,55.709999084472656,2020400.0
2025-01-03,52.684120178222656,54.029998779296875,54.61000061035156,53.86000061035156,54.439998626708984,2221800.0
2025-01-06,52.67436599731445,54.02000045776367,55.29999923706055,53.939998626708984,54.22999954223633,2685600.0
2025-01-07,52.35258865356445,53.689998626708984,54.900001525878906,53.560001373291016,54.2599983215332,2203100.0
2025-01-08,52.128318786621094,53.459999084472656,53.63999938964844,52.970001220703125,53.369998931884766,1947400.0
2025-01-10,50.714439392089844,52.0099983215332,53.119998931884766,51.959999084472656,52.720001220703125,3735700.0
2025-01-13,51.92354965209961,53.25,53.459999084472656,52.0,52.06999969482422,3116100.0
2025-01-14,53.02539825439453,54.380001068115234,54.400001525878906,53.34000015258789,53.439998626708984,2272400.0
2025-01-15,52.908390045166016,54.2599983215332,55.65999984741211,54.040000915527344,54.88999938964844,2822900.0
2025-01-16,52.89863967895508,54.25,54.41999816894531,53.08000183105469,53.41999816894531,2161900.0
2025-01-17,52.93764114379883,54.290000915527344,54.880001068115234,54.27000045776367,54.689998626708984,2119800.0
2025-01-21,53.66896057128906,55.040000915527344,55.400001525878906,54.369998931884766,54.5,2113000.0
2025-01-22,52.97664260864258,54.33000183105469,54.869998931884766,54.27000045776367,54.79999923706055,2695100.0
2025-01-23,53.80546951293945,55.18000030517578,55.2400016784668,54.20000076293945,54.4900016784668,2334000.0
2025-01-24,53.62995529174805,55.0,55.849998474121094,54.939998626708984,55.4900016784668,1456000.0
2025-01-27,55.12184143066406,56.529998779296875,56.70000076293945,55.08000183105469,55.47999954223633,2072500.0
2025-01-28,54.205257415771484,55.59000015258789,56.619998931884766,55.52000045776367,56.20000076293945,1854900.0
2025-01-29,53.95173645019531,55.33000183105469,56.189998626708984,55.279998779296875,55.560001373291016,1995200.0
2025-01-30,54.6440544128418,56.040000915527344,57.02000045776367,55.790000915527344,56.959999084472656,3694400.0
2025-01-31,54.31251907348633,55.70000076293945,56.56999969482422,55.540000915527344,55.95000076293945,2366500.0
2025-02-03,54.29301452636719,55.68000030517578,55.84000015258789,54.459999084472656,54.58000183105469,3449700.0
2025-02-04,50.548675537109375,51.84000015258789,52.68000030517578,50.810001373291016,52.08000183105469,6592700.0
2025-02-05,49.91485595703125,51.189998626708984,52.689998626708984,51.06999969482422,52.529998779296875,3912200.0
2025-02-06,49.99287033081055,51.27000045776367,52.540000915527344,50.7599983215332,52.5,3024100.0
2025-02-07,49.21280288696289,50.470001220703125,51.45000076293945,50.439998626708984,51.189998626708984,2530300.0
2025-02-10,49.095787048339844,50.349998474121094,50.90999984741211,50.22999954223633,50.90999984741211,2928500.0
2025-02-11,49.10554122924805,50.36000061035156,50.7599983215332,50.0,50.0,2679100.0
2025-02-12,48.344974517822266,49.58000183105469,49.95000076293945,49.029998779296875,49.25,3584300.0
2025-02-13,48.1011962890625,49.33000183105469,50.0,49.0,49.93000030517578,3158300.0
2025-02-14,48.608238220214844,49.849998474121094,50.47999954223633,49.52000045776367,49.56999969482422,2816100.0
2025-02-18,48.608238220214844,49.849998474121094,50.130001068115234,49.34000015258789,49.83000183105469,2685500.0
2025-02-19,47.81842041015625,49.040000915527344,49.630001068115234,48.95000076293945,49.459999084472656,2775600.0
2025-02-20,49.193294525146484,50.45000076293945,50.58000183105469,49.220001220703125,49.310001373291016,3205400.0
2025-02-21,50.07088088989258,51.349998474121094,51.5099983215332,50.310001373291016,50.58000183105469,3493200.0
2025-02-24,49.515071868896484,50.779998779296875,51.650001525878906,50.70000076293945,51.43000030517578,2053400.0
2025-02-25,50.30490493774414,51.59000015258789,51.630001068115234,50.720001220703125,50.95000076293945,2415500.0
2025-02-26,50.69493865966797,51.9900016784668,52.119998931884766,51.369998931884766,51.72999954223633,2315100.0
2025-02-27,50.7631950378418,52.060001373291016,52.439998626708984,51.540000915527344,51.56999969482422,2330000.0
2025-02-28,51.37749481201172,52.689998626708984,52.869998931884766,52.040000915527344,52.11000061035156,3631400.0
2025-03-03,51.03491973876953,52.13999938964844,53.2400016784668,51.810001373291016,52.52000045776367,2940700.0
2025-03-04,49.94844436645508,51.029998779296875,52.65999984741211,50.9900016784668,52.290000915527344,3429000.0
2025-03-05,50.77063751220703,51.869998931884766,52.150001525878906,51.099998474121094,51.349998474121094,2418100.0
2025-03-06,51.07406997680664,52.18000030517578,52.209999084472656,51.09000015258789,51.52000045776367,2346400.0
2025-03-07,53.10997772216797,54.2599983215332,54.4900016784668,51.91999816894531,52.18000030517578,2330500.0
2025-03-10,52.826133728027344,53.970001220703125,55.29999923706055,53.77000045776367,54.0,2233400.0
2025-03-11,51.201316833496094,52.310001373291016,54.150001525878906,52.060001373291016,54.06999969482422,2739800.0
2025-03-12,50.18335723876953,51.27000045776367,52.0,50.849998474121094,51.880001068115234,2070400.0
2025-03-13,49.889713287353516,50.970001220703125,52.040000915527344,50.75,51.5,1854600.0
2025-03-14,50.790218353271484,51.88999938964844,51.939998626708984,51.09000015258789,51.38999938964844,1773200.0
2025-03-17,51.17194747924805,52.279998779296875,52.91999816894531,51.83000183105469,52.0099983215332,1545700.0
2025-03-18,50.80000305175781,51.900001525878906,52.43000030517578,51.439998626708984,52.150001525878906,3083000.0
2025-03-19,50.74127197265625,51.84000015258789,52.119998931884766,51.279998779296875,51.810001373291016,2590000.0
2025-03-20,50.476993560791016,51.56999969482422,52.11000061035156,51.439998626708984,51.619998931884766,3432800.0
2025-03-21,49.61565017700195,50.689998626708984,51.189998626708984,50.34000015258789,51.02000045776367,4067700.0
2025-03-24,49.70374298095703,50.779998779296875,51.279998779296875,49.970001220703125,50.849998474121094,2568900.0
2025-03-25,49.31222152709961,50.380001068115234,51.220001220703125,50.060001373291016,50.90999984741211,2474300.0
2025-03-26,50.222511291503906,51.310001373291016,51.36000061035156,50.29999923706055,50.459999084472656,1965300.0
2025-03-27,50.95661163330078,52.060001373291016,52.22999954223633,51.150001525878906,51.439998626708984,1743900.0
2025-03-28,50.369327545166016,51.459999084472656,52.189998626708984,51.18000030517578,51.97999954223633,1765800.0
2025-03-31,50.966400146484375,52.06999969482422,52.25,51.060001373291016,51.2400016784668,2322100.0
2025-04-01,51.289405822753906,52.400001525878906,52.47999954223633,51.790000915527344,52.06999969482422,1839200.0
2025-04-02,51.201316833496094,52.310001373291016,52.36000061035156,51.58000183105469,51.86000061035156,2026400.0
2025-04-03,49.4296760559082,50.5,51.15999984741211,50.04999923706055,50.33000183105469,2244100.0
2025-04-04,47.5699462890625,48.599998474121094,50.099998474121094,48.5099983215332,49.90999984741211,2745900.0
2025-04-07,46.17025375366211,47.16999816894531,48.959999084472656,46.13999938964844,47.11000061035156,3945800.0
2025-04-08,43.98751449584961,44.939998626708984,48.13999938964844,44.349998474121094,47.880001068115234,4049600.0
2025-04-09,45.690643310546875,46.68000030517578,47.130001068115234,43.5099983215332,44.650001525878906,7981400.0
2025-04-10,44.985897064208984,45.959999084472656,46.68000030517578,44.7599983215332,46.310001373291016,3882400.0
2025-04-11,47.07075500488281,48.09000015258789,48.47999954223633,45.540000915527344,45.79999923706055,3255200.0
2025-04-14,47.765708923339844,48.79999923706055,48.93000030517578,48.150001525878906,48.689998626708984,1813200.0
2025-04-15,46.59114074707031,47.599998474121094,48.849998474121094,47.540000915527344,48.439998626708984,1476500.0
2025-04-16,46.0723762512207,47.06999969482422,48.08000183105469,46.810001373291016,48.08000183105469,1117700.0
2025-04-17,46.37580490112305,47.380001068115234,47.81999969482422,46.93000030517578,47.060001373291016,5596400.0
2025-04-21,46.2974967956543,47.29999923706055,47.400001525878906,46.709999084472656,46.9900016784668,2360000.0
2025-04-22,47.34482192993164,48.369998931884766,48.709999084472656,47.470001220703125,47.869998931884766,2511200.0
2025-04-23,47.47206497192383,48.5,49.689998626708984,48.119998931884766,48.63999938964844,2346900.0
2025-04-24,49.449249267578125,50.52000045776367,50.689998626708984,48.31999969482422,48.90999984741211,2292400.0
2025-04-25,49.4884033203125,50.560001373291016,50.81999969482422,50.06999969482422,50.380001068115234,2094100.0
2025-04-28,49.4394645690918,50.5099983215332,50.95000076293945,49.83000183105469,50.4900016784668,1624700.0
2025-04-29,51.27961730957031,52.38999938964844,52.650001525878906,50.66999816894531,50.68000030517578,2962600.0
2025-04-30,50.83915328979492,51.939998626708984,52.66999816894531,51.349998474121094,52.209999084472656,2569000.0
2025-05-01,50.134422302246094,51.220001220703125,51.849998474121094,51.13999938964844,51.40999984741211,2345300.0
2025-05-02,50.565086364746094,51.65999984741211,52.040000915527344,51.130001068115234,52.02000045776367,2518100.0
2025-05-05,50.75106430053711,51.849998474121094,52.099998474121094,51.189998626708984,51.41999816894531,2623300.0
2025-05-06,50.58467102050781,51.68000030517578,53.9900016784668,51.61000061035156,53.290000915527344,4375700.0
2025-05-07,49.58628845214844,50.65999984741211,52.599998474121094,50.650001525878906,52.599998474121094,2965500.0
2025-05-08,50.68254089355469,51.779998779296875,52.150001525878906,50.880001068115234,51.18000030517578,2116200.0
2025-05-09,51.02512741088867,52.130001068115234,52.22999954223633,51.459999084472656,51.4900016784668,1711300.0
2025-05-12,52.10181427001953,53.22999954223633,54.09000015258789,52.52000045776367,53.689998626708984,3246400.0
2025-05-13,51.671142578125,52.790000915527344,53.66999816894531,52.5099983215332,53.380001068115234,2542500.0
2025-05-14,51.77880859375,52.900001525878906,53.400001525878906,52.52000045776367,53.400001525878906,3182900.0
2025-05-15,52.23884201049805,53.369998931884766,53.40999984741211,52.349998474121094,52.90999984741211,1796800.0
2025-05-16,52.630367279052734,53.77000045776367,53.790000915527344,53.119998931884766,53.130001068115234,1800700.0
2025-05-19,53.178504943847656,54.33000183105469,54.400001525878906,53.040000915527344,53.22999954223633,2246000.0
2025-05-20,53.178504943847656,54.33000183105469,54.47999954223633,53.77000045776367,54.06999969482422,3128200.0
2025-05-21,52.68910217285156,53.83000183105469,54.38999938964844,53.54999923706055,53.939998626708984,3962800.0
2025-05-22,52.189903259277344,53.31999969482422,53.7599983215332,52.29999923706055,53.7599983215332,4706100.0
2025-05-23,50.66297149658203,51.7599983215332,52.97999954223633,51.63999938964844,52.86000061035156,3813600.0
2025-05-27,52.229061126708984,53.36000061035156,53.41999816894531,52.0,52.15999984741211,2922600.0
2025-05-28,51.72986602783203,52.849998474121094,53.4900016784668,52.7400016784668,53.310001373291016,2469500.0
2025-05-29,52.415035247802734,53.54999923706055,53.58000183105469,52.869998931884766,53.060001373291016,2221100.0
2025-05-30,52.444400787353516,53.58000183105469,53.939998626708984,52.939998626708984,53.29999923706055,5447700.0
2025-06-02,51.23595428466797,52.150001525878906,53.2400016784668,51.689998626708984,52.90999984741211,2511500.0
2025-06-03,52.52299499511719,53.459999084472656,53.54999923706055,51.7400016784668,51.959999084472656,2394800.0
2025-06-04,52.306854248046875,53.2400016784668,53.849998474121094,53.15999984741211,53.459999084472656,2046600.0
2025-06-05,52.55247116088867,53.4900016784668,53.77000045776367,52.900001525878906,53.459999084472656,1702100.0
2025-06-06,52.788265228271484,53.72999954223633,54.220001220703125,53.400001525878906,53.84000015258789,1267400.0
2025-06-09,53.27949523925781,54.22999954223633,54.560001373291016,53.08000183105469,53.4900016784668,2000700.0
2025-06-10,54.0556526184082,55.02000045776367,55.36000061035156,54.16999816894531,54.439998626708984,2158300.0
2025-06-11,53.967227935791016,54.93000030517578,54.97999954223633,54.349998474121094,54.810001373291016,2927700.0
2025-06-12,54.183372497558594,55.150001525878906,55.38999938964844,54.470001220703125,54.619998931884766,1542600.0
2025-06-13,53.41704559326172,54.369998931884766,54.90999984741211,54.08000183105469,54.52000045776367,1636400.0
2025-06-16,55.01847457885742,56.0,56.130001068115234,54.63999938964844,55.06999969482422,2311100.0
2025-06-17,54.340572357177734,55.310001373291016,55.90999984741211,55.20000076293945,55.709999084472656,3511800.0
2025-06-18,54.85145950317383,55.83000183105469,56.560001373291016,54.91999816894531,55.220001220703125,3376300.0
2025-06-20,55.24444580078125,56.22999954223633,56.5,55.529998779296875,55.95000076293945,8579500.0
2025-06-23,55.686561584472656,56.68000030517578,56.880001068115234,55.790000915527344,56.040000915527344,3026900.0
2025-06-24,55.981300354003906,56.97999954223633,57.189998626708984,56.4900016784668,56.95000076293945,3033600.0
2025-06-25,55.755332946777344,56.75,56.90999984741211,55.9900016784668,56.43000030517578,1905000.0
2025-06-26,55.991119384765625,56.9900016784668,57.650001525878906,56.869998931884766,57.099998474121094,2236900.0
2025-06-27,55.42129135131836,56.40999984741211,57.209999084472656,56.25,57.209999084472656,2974400.0
2025-06-30,55.10689926147461,56.09000015258789,56.310001373291016,55.779998779296875,56.310001373291016,2973600.0
2025-07-01,56.86552429199219,57.880001068115234,58.33000183105469,55.77000045776367,56.09000015258789,2827300.0
2025-07-02,57.71044921875,58.7400016784668,58.880001068115234,57.65999984741211,58.119998931884766,1521000.0
2025-07-03,57.700626373291016,58.72999954223633,59.029998779296875,58.599998474121094,59.0,877000.0
2025-07-07,57.386234283447266,58.40999984741211,59.029998779296875,58.25,58.65999984741211,1856600.0
2025-07-08,57.730098724365234,58.7599983215332,59.13999938964844,58.2599983215332,58.470001220703125,2251000.0
2025-07-09,56.924468994140625,57.939998626708984,58.41999816894531,57.33000183105469,57.630001068115234,1736700.0
2025-07-10,57.37641143798828,58.400001525878906,58.81999969482422,57.90999984741211,58.02000045776367,1609700.0
2025-07-11,57.28798294067383,58.310001373291016,58.47999954223633,57.779998779296875,58.099998474121094,1691300.0
2025-07-14,57.17991256713867,58.20000076293945,58.38999938964844,57.79999923706055,58.150001525878906,1161300.0
2025-07-15,56.590431213378906,57.599998474121094,58.5,57.47999954223633,58.349998474121094,1359400.0
2025-07-16,57.26833724975586,58.290000915527344,58.34000015258789,57.349998474121094,57.619998931884766,1678900.0
2025-07-17,57.05219650268555,58.06999969482422,58.400001525878906,57.4900016784668,58.20000076293945,1802500.0
2025-07-18,56.83604431152344,57.849998474121094,58.310001373291016,57.70000076293945,58.15999984741211,2130600.0
2025-07-21,56.99324035644531,58.0099983215332,58.13999938964844,57.41999816894531,57.939998626708984,1781500.0
2025-07-22,58.65362548828125,59.70000076293945,59.79999923706055,57.93000030517578,58.09000015258789,1766600.0
2025-07-23,58.57502746582031,59.619998931884766,60.290000915527344,59.40999984741211,59.9900016784668,2372000.0
2025-07-24,57.91677474975586,58.95000076293945,60.060001373291016,58.91999816894531,59.63999938964844,2117400.0
2025-07-25,57.9757194519043,59.0099983215332,59.2400016784668,58.13999938964844,59.02000045776367,1593200.0
2025-07-28,57.65150451660156,58.68000030517578,59.060001373291016,58.31999969482422,58.70000076293945,1948700.0
2025-07-29,57.7497444152832,58.779998779296875,58.900001525878906,58.349998474121094,58.7400016784668,1429700.0
2025-07-30,57.07184600830078,58.09000015258789,58.81999969482422,57.84000015258789,58.369998931884766,2321000.0
2025-07-31,56.25638961791992,57.2599983215332,57.779998779296875,56.939998626708984,57.0,3128100.0
2025-08-01,56.13850021362305,57.13999938964844,57.369998931884766,55.97999954223633,57.08000183105469,4335600.0
2025-08-04,56.60025405883789,57.61000061035156,57.63999938964844,56.5099983215332,56.959999084472656,2445700.0
2025-08-05,53.348270416259766,54.29999923706055,59.16999816894531,54.04999923706055,58.79999923706055,5604800.0
2025-08-06,51.628944396972656,52.54999923706055,54.88999938964844,52.41999816894531,54.2599983215332,4772600.0
2025-08-07,53.092830657958984,54.040000915527344,54.29999923706055,52.77000045776367,52.869998931884766,3077500.0
2025-08-08,53.11248016357422,54.060001373291016,54.380001068115234,53.650001525878906,54.16999816894531,1729400.0
2025-08-11,52.7194938659668,53.65999984741211,54.4900016784668,53.40999984741211,54.119998931884766,2380000.0
2025-08-12,52.56229019165039,53.5,53.93000030517578,52.869998931884766,53.93000030517578,1401300.0
2025-08-13,53.92792892456055,54.88999938964844,54.939998626708984,53.29999923706055,53.599998474121094,1982500.0
2025-08-14,52.6998405456543,53.63999938964844,54.56999969482422,52.880001068115234,54.459999084472656,2036200.0
2025-08-15,52.906158447265625,53.849998474121094,53.90999984741211,53.2400016784668,53.630001068115234,1398800.0
2025-08-18,51.923683166503906,52.849998474121094,54.220001220703125,52.849998474121094,54.0,2579900.0
2025-08-19,52.20860290527344,53.13999938964844,53.630001068115234,52.869998931884766,53.13999938964844,3650400.0
2025-08-20,52.19877624511719,53.130001068115234,53.560001373291016,52.869998931884766,53.25,2867800.0
2025-08-21,51.7861442565918,52.709999084472656,53.11000061035156,52.43000030517578,52.90999984741211,2560200.0
2025-08-22,52.788265228271484,53.72999954223633,54.27000045776367,52.79999923706055,53.0,2529300.0
2025-08-25,52.08087921142578,53.0099983215332,53.810001373291016,52.81999969482422,53.5,1573000.0
2025-08-26,51.73701477050781,52.65999984741211,53.279998779296875,52.5,53.029998779296875,2593200.0
2025-08-27,51.39315414428711,52.310001373291016,52.72999954223633,51.939998626708984,52.380001068115234,1994900.0
2025-08-28,51.15735626220703,52.06999969482422,52.56999969482422,51.459999084472656,52.56999969482422,2186700.0
2025-08-29,51.717369079589844,52.63999938964844,52.68000030517578,51.880001068115234,51.9900016784668,1787800.0
2025-09-02,50.35638427734375,51.060001373291016,51.7400016784668,50.630001068115234,51.70000076293945,2450300.0
2025-09-03,49.45892333984375,50.150001525878906,50.900001525878906,49.119998931884766,50.900001525878906,3467200.0
2025-09-04,49.72520446777344,50.41999816894531,50.45000076293945,49.68000030517578,50.34000015258789,2065000.0
2025-09-05,50.238037109375,50.939998626708984,51.2400016784668,50.31999969482422,50.63999938964844,1549300.0
2025-09-08,50.25776290893555,50.959999084472656,51.040000915527344,50.33000183105469,50.83000183105469,2329100.0
2025-09-09,49.715335845947266,50.40999984741211,51.08000183105469,50.400001525878906,50.970001220703125,1540800.0
2025-09-10,49.38002395629883,50.06999969482422,50.31999969482422,49.689998626708984,50.15999984741211,1772700.0
2025-09-11,50.415557861328125,51.119998931884766,51.22999954223633,50.0,50.09000015258789,1688000.0
2025-09-12,50.48459243774414,51.189998626708984,51.400001525878906,50.279998779296875,50.5099983215332,1995100.0
2025-09-15,49.222225189208984,49.90999984741211,51.279998779296875,49.77000045776367,51.27000045776367,2200900.0
2025-09-16,49.044708251953125,49.72999954223633,50.22999954223633,49.45000076293945,50.0,1939600.0
2025-09-17,48.364219665527344,49.040000915527344,50.650001525878906,48.959999084472656,49.88999938964844,2770500.0
2025-09-18,48.52201461791992,49.20000076293945,49.380001068115234,48.619998931884766,48.970001220703125,1922700.0
2025-09-19,48.038761138916016,48.709999084472656,49.36000061035156,48.66999816894531,49.36000061035156,5401800.0
2025-09-22,48.01904296875,48.689998626708984,49.18000030517578,48.599998474121094,48.63999938964844,1809900.0
2025-09-23,47.851383209228516,48.52000045776367,49.11000061035156,48.189998626708984,48.849998474121094,3014700.0
2025-09-24,48.04862976074219,48.720001220703125,49.0,48.349998474121094,48.439998626708984,2359700.0
2025-09-25,47.80207443237305,48.470001220703125,48.709999084472656,47.720001220703125,48.709999084472656,2970100.0
2025-09-26,48.798152923583984,49.47999954223633,49.58000183105469,48.5,48.5,2172600.0
2025-09-29,48.916500091552734,49.599998474121094,49.7400016784668,48.88999938964844,49.619998931884766,1549000.0
2025-09-30,49.72520446777344,50.41999816894531,50.52000045776367,49.279998779296875,49.369998931884766,2459800.0
2025-10-01,49.77451705932617,50.470001220703125,50.7599983215332,49.83000183105469,50.599998474121094,2044900.0
2025-10-02,49.78437423706055,50.47999954223633,50.810001373291016,50.27000045776367,50.439998626708984,1871200.0
2025-10-03,49.55754470825195,50.25,50.83000183105469,49.91999816894531,50.099998474121094,1730400.0
2025-10-06,48.94608688354492,49.630001068115234,50.2400016784668,49.47999954223633,50.099998474121094,2290400.0
2025-10-07,47.87110900878906,48.540000915527344,49.75,48.04999923706055,49.75,2676600.0
2025-10-08,48.028907775878906,48.70000076293945,48.93000030517578,48.209999084472656,48.59000015258789,2411400.0
2025-10-09,47.11172103881836,47.77000045776367,49.04999923706055,47.68000030517578,48.709999084472656,3323500.0
2025-10-10,46.44108963012695,47.09000015258789,48.04999923706055,47.060001373291016,48.0,2409800.0
2025-10-13,46.391780853271484,47.040000915527344,47.709999084472656,47.0099983215332,47.20000076293945,2595200.0
2025-10-14,46.92434310913086,47.58000183105469,47.810001373291016,46.63999938964844,46.88999938964844,3437000.0
2025-10-15,46.89474868774414,47.54999923706055,48.59000015258789,47.349998474121094,47.599998474121094,3216500.0
2025-10-16,47.397727966308594,48.060001373291016,48.43000030517578,47.540000915527344,47.56999969482422,4448200.0
2025-10-17,47.66400909423828,48.33000183105469,48.5,47.90999984741211,48.13999938964844,2315200.0
2025-10-20,48.038761138916016,48.709999084472656,48.959999084472656,48.2400016784668,48.400001525878906,2599800.0
2025-10-21,48.66008377075195,49.34000015258789,49.880001068115234,49.2400016784668,49.720001220703125,2534600.0
2025-10-22,49.064430236816406,49.75,50.099998474121094,49.33000183105469,49.529998779296875,2691800.0
2025-10-23,49.0151252746582,49.70000076293945,50.66999816894531,49.40999984741211,49.86000061035156,2458800.0
2025-10-24,49.143333435058594,49.83000183105469,50.119998931884766,49.61000061035156,50.0,2150400.0
2025-10-27,49.163055419921875,49.849998474121094,50.349998474121094,49.65999984741211,50.11000061035156,3032300.0
2025-10-28,48.41352844238281,49.09000015258789,49.880001068115234,49.040000915527344,49.7599983215332,1914500.0
2025-10-29,47.12158203125,47.779998779296875,48.939998626708984,47.56999969482422,48.77000045776367,2538700.0
2025-10-30,46.638336181640625,47.290000915527344,48.0099983215332,47.2599983215332,47.630001068115234,2524200.0
2025-10-31,46.35232925415039,47.0,47.119998931884766,46.33000183105469,46.86000061035156,3309800.0
2025-11-03,46.4608154296875,47.11000061035156,47.369998931884766,46.369998931884766,46.689998626708984,4134300.0
2025-11-04,47.1708984375,47.83000183105469,48.279998779296875,44.83000183105469,46.439998626708984,4952200.0
2025-11-05,48.21628189086914,48.88999938964844,49.04999923706055,47.060001373291016,47.880001068115234,3657400.0
2025-11-06,47.713314056396484,48.380001068115234,49.470001220703125,48.25,49.0099983215332,2746600.0
2025-11-07,48.30504608154297,48.97999954223633,49.130001068115234,48.369998931884766,49.130001068115234,3501800.0
2025-11-10,45.77045822143555,46.40999984741211,48.56999969482422,46.060001373291016,47.400001525878906,4715700.0
2025-11-11,46.5988883972168,47.25,47.630001068115234,46.560001373291016,46.560001373291016,3347700.0
2025-11-12,45.82963562011719,46.470001220703125,47.66999816894531,46.40999984741211,47.349998474121094,3547800.0
2025-11-13,47.27937316894531,47.939998626708984,48.27000045776367,46.560001373291016,46.7400016784668,3626500.0
2025-11-14,46.94406509399414,47.599998474121094,48.18000030517578,47.16999816894531,47.810001373291016,4141600.0
2025-11-17,46.86516571044922,47.52000045776367,48.529998779296875,47.349998474121094,48.369998931884766,3054800.0
2025-11-18,46.87502670288086,47.529998779296875,47.90999984741211,47.29999923706055,47.720001220703125,2377400.0
2025-11-19,46.91447448730469,47.56999969482422,47.61000061035156,47.150001525878906,47.439998626708984,2638900.0
2025-11-20,47.24979019165039,47.90999984741211,48.08000183105469,47.349998474121094,47.439998626708984,3315100.0
2025-11-21,49.18278121948242,49.869998931884766,50.34000015258789,48.09000015258789,48.209999084472656,4251600.0
2025-11-24,48.1571159362793,48.83000183105469,49.83000183105469,48.619998931884766,49.47999954223633,6498000.0
2025-11-25,48.69953536987305,49.380001068115234,49.66999816894531,49.16999816894531,49.2400016784668,2287500.0
2025-11-26,48.94608688354492,49.630001068115234,49.7599983215332,48.95000076293945,49.15999984741211,1501700.0
2025-11-28,48.847469329833984,49.529998779296875,50.029998779296875,49.25,49.72999954223633,1054500.0
2025-12-01,48.5504035949707,49.029998779296875,49.689998626708984,48.97999954223633,49.20000076293945,2250200.0
2025-12-02,47.936466217041016,48.40999984741211,49.27000045776367,48.2599983215332,49.27000045776367,1951600.0
2025-12-03,48.30284881591797,48.779998779296875,49.20000076293945,48.45000076293945,48.61000061035156,1624200.0
2025-12-04,48.372161865234375,48.849998474121094,48.95000076293945,48.470001220703125,48.63999938964844,2447600.0
2025-12-05,48.5504035949707,49.029998779296875,49.459999084472656,48.43000030517578,48.7400016784668,2783700.0
2025-12-08,47.24331283569336,47.709999084472656,48.90999984741211,47.5099983215332,48.90999984741211,2184000.0
2025-12-09,46.41152572631836,46.869998931884766,47.540000915527344,46.849998474121094,47.540000915527344,1721800.0
2025-12-10,47.30272674560547,47.77000045776367,48.29999923706055,46.650001525878906,46.779998779296875,2770800.0
2025-12-11,48.7286376953125,49.209999084472656,49.369998931884766,47.529998779296875,47.75,4011600.0
2025-12-12,50.41201400756836,50.90999984741211,51.040000915527344,49.33000183105469,49.439998626708984,3602700.0
2025-12-15,51.075462341308594,51.58000183105469,51.63999938964844,50.630001068115234,51.0,3597800.0
2025-12-16,51.25369644165039,51.7599983215332,52.130001068115234,51.560001373291016,51.72999954223633,3656700.0
2025-12-17,51.560665130615234,52.06999969482422,52.38999938964844,51.40999984741211,51.970001220703125,3509100.0
2025-12-18,51.936946868896484,52.45000076293945,52.970001220703125,51.81999969482422,52.13999938964844,3701500.0
2025-12-19,51.52105712890625,52.029998779296875,52.54999923706055,51.849998474121094,52.209999084472656,5537300.0
2025-12-22,51.80821990966797,52.31999969482422,52.400001525878906,51.58000183105469,51.72999954223633,2374400.0
2025-12-23,51.7191047668457,52.22999954223633,52.5,51.81999969482422,52.08000183105469,1493300.0
2025-12-24,51.75870895385742,52.27000045776367,52.5,52.15999984741211,52.20000076293945,1208400.0
2025-12-26,52.144893646240234,52.65999984741211,52.72999954223633,52.2599983215332,52.33000183105469,965100.0
2025-12-29,52.63999938964844,53.15999984741211,53.31999969482422,52.470001220703125,52.54999923706055,1702200.0
2025-12-30,52.71922302246094,53.2400016784668,53.47999954223633,52.869998931884766,53.04999923706055,1361600.0
2025-12-31,52.451866149902344,52.970001220703125,53.2599983215332,52.90999984741211,53.040000915527344,1361500.0
2026-01-02,52.82814407348633,53.349998474121094,53.560001373291016,52.220001220703125,53.060001373291016,2243800.0
2026-01-05,53.38267135620117,53.90999984741211,54.290000915527344,52.709999084472656,52.81999969482422,2801800.0
2026-01-06,53.76885223388672,54.29999923706055,55.58000183105469,54.2599983215332,54.810001373291016,4932200.0
2026-01-07,53.00638198852539,53.529998779296875,54.86000061035156,52.97999954223633,54.34000015258789,2827000.0
2026-01-08,54.293670654296875,54.83000183105469,55.22999954223633,52.790000915527344,53.130001068115234,2040100.0
2026-01-09,55.0759391784668,55.619998931884766,55.720001220703125,54.59000015258789,55.25,1711100.0
2026-01-12,54.92741012573242,55.470001220703125,55.7599983215332,55.22999954223633,55.61000061035156,1730700.0
2026-01-13,54.957115173339844,55.5,55.5,54.810001373291016,55.369998931884766,1521000.0
2026-01-14,55.481929779052734,56.029998779296875,56.2400016784668,55.06999969482422,55.58000183105469,1703200.0
2026-01-15,55.343299865722656,55.88999938964844,56.349998474121094,55.400001525878906,56.2400016784668,1405200.0
2026-01-16,55.53144073486328,56.08000183105469,56.209999084472656,55.2599983215332,55.63999938964844,2401000.0
2026-01-20,54.82838439941406,55.369998931884766,55.970001220703125,55.27000045776367,55.4900016784668,1869500.0
2026-01-21,55.37300109863281,55.91999816894531,55.93000030517578,54.939998626708984,55.709999084472656,1970100.0
2026-01-22,55.739383697509766,56.290000915527344,56.849998474121094,55.79999923706055,55.79999923706055,1568500.0
2026-01-23,56.79891586303711,57.36000061035156,57.5,56.27000045776367,56.380001068115234,1736600.0
2026-01-26,56.650386810302734,57.209999084472656,57.599998474121094,56.810001373291016,57.529998779296875,1814000.0
2026-01-27,56.45234298706055,57.0099983215332,57.369998931884766,56.70000076293945,57.0,1268500.0
2026-01-28,55.709678649902344,56.2599983215332,57.06999969482422,55.88999938964844,56.869998931884766,1584000.0
2026-01-29,56.01664733886719,56.56999969482422,57.029998779296875,56.0099983215332,56.689998626708984,1882800.0
2026-01-30,56.31371307373047,56.869998931884766,56.95000076293945,55.91999816894531,56.36000061035156,2164600.0
2026-02-02,56.13547134399414,56.689998626708984,57.150001525878906,55.9900016784668,56.5099983215332,3617300.0
2026-02-03,61.16578674316406,61.77000045776367,62.77000045776367,58.20000076293945,59.459999084472656,5886300.0
2026-02-04,64.17604064941406,64.80999755859375,65.05000305175781,62.2599983215332,62.560001373291016,4619800.0
2026-02-05,65.54254913330078,66.19000244140625,66.97000122070312,64.58000183105469,65.2699966430664,3976100.0
2026-02-06,65.81981658935547,66.47000122070312,66.7300033569336,65.80999755859375,66.58000183105469,3375000.0
2026-02-09,65.99805450439453,66.6500015258789,66.68000030517578,65.33999633789062,66.0199966430664,2279100.0
2026-02-10,67.0971908569336,67.76000213623047,67.77999877929688,66.27999877929688,66.80999755859375,2216300.0
2026-02-11,66.6812973022461,67.33999633789062,68.29000091552734,66.91999816894531,67.56999969482422,2161500.0
2026-02-12,66.06736755371094,66.72000122070312,68.1500015258789,66.62999725341797,67.66999816894531,1900400.0
2026-02-13,66.63179016113281,67.29000091552734,67.69999694824219,65.81999969482422,66.75,1853000.0
2026-02-17,65.89903259277344,66.55000305175781,67.81999969482422,66.29000091552734,67.45999908447266,1680200.0
2026-02-18,65.66136932373047,66.30999755859375,67.0199966430664,66.16000366210938,66.58999633789062,2262600.0
2026-02-19,65.38410949707031,66.02999877929688,66.58000183105469,65.29000091552734,66.25,1467500.0
2026-02-20,65.87921905517578,66.52999877929688,66.6500015258789,65.80000305175781,66.25,2157200.0
2026-02-23,66.48326110839844,67.13999938964844,67.13999938964844,65.97000122070312,66.27999877929688,1740700.0
2026-02-24,65.86931610107422,66.5199966430664,67.69999694824219,66.33999633789062,67.26000213623047,2212500.0
2026-02-25,65.38410949707031,66.02999877929688,66.68000030517578,65.22000122070312,66.43000030517578,1595800.0
2026-02-26,65.97824096679688,66.62999725341797,66.69999694824219,65.48999786376953,66.31999969482422,1705200.0
2026-02-27,66.47335052490234,67.12999725341797,67.26000213623047,66.19999694824219,66.75,2660500.0
2026-03-02,65.96683502197266,66.41999816894531,66.81999969482422,65.75,66.56999969482422,2113300.0
2026-03-03,64.7551498413086,65.19999694824219,65.51000213623047,64.30000305175781,65.12999725341797,1654900.0
2026-03-04,64.33802032470703,64.77999877929688,65.5199966430664,64.13999938964844,65.2699966430664,1656000.0
2026-03-05,62.788665771484375,63.220001220703125,64.83999633789062,62.91999816894531,64.3499984741211,2021000.0
2026-03-06,62.103370666503906,62.529998779296875,63.47999954223633,61.75,63.47999954223633,2024900.0
2026-03-09,61.964324951171875,62.38999938964844,62.689998626708984,60.75,61.790000915527344,1835800.0
2026-03-10,61.59685516357422,62.02000045776367,62.97999954223633,61.25,61.77000045776367,1477300.0
2026-03-11,61.090328216552734,61.5099983215332,62.0099983215332,61.06999969482422,61.75,1373400.0
2026-03-12,61.269100189208984,61.689998626708984,62.310001373291016,60.849998474121094,61.459999084472656,2347000.0
2026-03-13,61.765689849853516,62.189998626708984,62.40999984741211,61.439998626708984,62.33000183105469,2025100.0
2026-03-16,61.67630386352539,62.099998474121094,62.9900016784668,61.97999954223633,62.540000915527344,1788900.0
2026-03-17,61.338623046875,61.7599983215332,62.540000915527344,61.150001525878906,62.5,1568400.0
2026-03-18,59.49131774902344,59.900001525878906,61.43000030517578,59.65999984741211,61.150001525878906,1899600.0
2026-03-19,58.5875244140625,58.9900016784668,59.72999954223633,58.77000045776367,59.63999938964844,2085300.0
2026-03-20,56.670692443847656,57.060001373291016,59.08000183105469,56.630001068115234,59.029998779296875,4389000.0
2026-03-23,57.86250305175781,58.2599983215332,59.189998626708984,57.66999816894531,58.47999954223633,2156900.0
2026-03-24,58.716636657714844,59.119998931884766,59.61000061035156,57.400001525878906,57.720001220703125,1370000.0
2026-03-25,60.33551788330078,60.75,61.099998474121094,59.060001373291016,59.540000915527344,2571500.0
2026-03-26,59.233089447021484,59.63999938964844,61.220001220703125,59.560001373291016,60.2599983215332,2118700.0
2026-03-27,58.86561584472656,59.27000045776367,61.13999938964844,59.040000915527344,59.54999923706055,2596500.0
2026-03-30,57.63407516479492,58.029998779296875,59.130001068115234,57.47999954223633,59.02000045776367,3683700.0
2026-03-31,58.70670700073242,59.11000061035156,59.5099983215332,58.09000015258789,58.529998779296875,2973500.0
2026-04-01,59.958106994628906,60.369998931884766,60.939998626708984,59.0,59.16999816894531,3112400.0
2026-04-02,59.56083679199219,59.970001220703125,60.529998779296875,59.22999954223633,59.939998626708984,1523100.0
2026-04-06,59.32247543334961,59.72999954223633,59.939998626708984,59.189998626708984,59.58000183105469,1168200.0
2026-04-07,58.85567855834961,59.2599983215332,59.93000030517578,58.93000030517578,59.61000061035156,1543700.0
2026-04-08,61.67630386352539,62.099998474121094,62.20000076293945,60.099998474121094,60.380001068115234,1887400.0
2026-04-09,62.4410514831543,62.869998931884766,63.06999969482422,61.29999923706055,61.540000915527344,1882500.0
2026-04-10,61.865013122558594,62.290000915527344,63.630001068115234,62.099998474121094,63.22999954223633,1748200.0
2026-04-13,63.16606903076172,63.599998474121094,63.81999969482422,61.599998474121094,61.599998474121094,2514400.0
2026-04-14,63.076683044433594,63.5099983215332,63.77000045776367,62.7400016784668,63.439998626708984,1887500.0
2026-04-15,62.3317985534668,62.7599983215332,63.06999969482422,62.41999816894531,63.06999969482422,2288400.0
2026-04-16,62.93764114379883,63.369998931884766,63.70000076293945,62.540000915527344,63.439998626708984,3236600.0
2026-04-17,64.04006958007812,64.4800033569336,65.36000061035156,63.68000030517578,63.70000076293945,2469300.0
2026-04-20,63.593135833740234,64.02999877929688,64.83999633789062,63.849998474121094,64.29000091552734,2269600.0
2026-04-21,62.927711486816406,63.36000061035156,65.06999969482422,63.13999938964844,64.56999969482422,2547600.0
2026-04-22,62.24241256713867,62.66999816894531,63.70000076293945,62.18000030517578,63.560001373291016,2803000.0
2026-04-23,62.68934631347656,63.119998931884766,64.0,62.939998626708984,63.43000030517578,1598500.0
2026-04-24,60.90162658691406,61.31999969482422,62.970001220703125,61.040000915527344,62.970001220703125,2828200.0
2026-04-27,60.6533317565918,61.06999969482422,62.09000015258789,61.060001373291016,61.45000076293945,2774900.0
2026-04-28,61.01087951660156,61.43000030517578,62.349998474121094,60.86000061035156,61.54999923706055,3818100.0
2026-04-29,59.878658294677734,60.290000915527344,61.97999954223633,59.869998931884766,61.06999969482422,2064500.0
2026-04-30,60.663265228271484,61.08000183105469,61.33000183105469,59.810001373291016,59.810001373291016,3685100.0
2026-05-01,60.91156005859375,61.33000183105469,61.619998931884766,60.75,61.2400016784668,1635300.0
2026-05-04,60.51428985595703,60.93000030517578,61.43000030517578,59.79999923706055,60.900001525878906,3647800.0
2026-05-05,56.72035217285156,57.11000061035156,61.619998931884766,57.060001373291016,61.619998931884766,5111900.0
2026-05-06,58.59745788574219,59.0,60.279998779296875,58.349998474121094,58.529998779296875,5556800.0
2026-05-07,58.01148223876953,58.40999984741211,59.52000045776367,58.279998779296875,59.310001373291016,3658100.0
2026-05-08,58.12073516845703,58.52000045776367,59.720001220703125,58.38999938964844,58.790000915527344,3155600.0
2026-05-11,57.32619094848633,57.720001220703125,59.29999923706055,57.529998779296875,59.029998779296875,2500800.0
2026-05-12,57.177215576171875,57.56999969482422,58.06999969482422,57.220001220703125,57.83000183105469,2177700.0
2026-05-13,56.06485366821289,56.45000076293945,58.25,56.40999984741211,57.470001220703125,2076700.0
2026-05-14,56.23369598388672,56.619998931884766,57.150001525878906,56.400001525878906,56.810001373291016,1629300.0
2026-05-15,54.82338333129883,55.20000076293945,56.58000183105469,55.06999969482422,56.58000183105469,1956800.0
2026-05-18,55.419288635253906,55.79999923706055,56.61000061035156,55.5099983215332,55.939998626708984,2414800.0
2026-05-19,54.7339973449707,55.11000061035156,55.689998626708984,54.58000183105469,55.5,2435300.0
2026-05-20,56.42239761352539,56.810001373291016,56.86000061035156,54.599998474121094,55.189998626708984,3821600.0
2026-05-21,55.96553421020508,56.349998474121094,56.86000061035156,55.689998626708984,56.34000015258789,2518500.0
2026-05-22,56.12444305419922,56.5099983215332,56.599998474121094,55.45000076293945,56.470001220703125,1658900.0
2026-05-26,56.1641731262207,56.54999923706055,57.0,56.34000015258789,56.90999984741211,2212800.0
2026-05-27,56.12444305419922,56.5099983215332,57.540000915527344,56.43000030517578,56.95000076293945,2497200.0
2026-05-28,55.85628890991211,56.2400016784668,56.5,55.47999954223633,55.869998931884766,2300400.0
2026-05-29,54.2969970703125,54.66999816894531,56.119998931884766,54.470001220703125,55.93000030517578,8187700.0
2026-06-01,53.52944564819336,53.70000076293945,54.70000076293945,53.56999969482422,53.849998474121094,2862300.0
2026-06-02,53.57928466796875,53.75,54.560001373291016,53.65999984741211,53.810001373291016,2593000.0
2026-06-03,52.662208557128906,52.83000183105469,53.81999969482422,52.650001525878906,53.540000915527344,2470700.0
2026-06-04,52.53261947631836,52.70000076293945,54.02000045776367,52.369998931884766,53.72999954223633,3640800.0
2026-06-05,52.75191879272461,52.91999816894531,53.56999969482422,52.68000030517578,52.75,2391600.0
2026-06-08,52.45287322998047,52.619998931884766,52.720001220703125,51.959999084472656,52.400001525878906,2628900.0
2026-06-09,54.00791931152344,54.18000030517578,54.4900016784668,53.06999969482422,53.150001525878906,4092200.0
2026-06-10,54.54620361328125,54.720001220703125,55.900001525878906,54.029998779296875,54.400001525878906,3945100.0
2026-06-11,56.16106033325195,56.34000015258789,56.45000076293945,54.720001220703125,54.79999923706055,3132500.0
2026-06-12,56.79902648925781,56.97999954223633,57.439998626708984,56.36000061035156,56.970001220703125,2336600.0
2026-06-15,57.167850494384766,57.349998474121094,58.40999984741211,57.220001220703125,57.45000076293945,3024900.0
2026-06-16,58.00518035888672,58.189998626708984,58.31999969482422,57.470001220703125,57.470001220703125,2260900.0
2026-06-17,57.536678314208984,57.720001220703125,59.18000030517578,57.33000183105469,57.84000015258789,2638800.0
2026-06-18,57.536678314208984,57.720001220703125,58.75,57.599998474121094,58.720001220703125,4360200.0
2026-06-22,58.01515197753906,58.20000076293945,58.369998931884766,57.08000183105469,57.540000915527344,7203500.0
2026-06-23,60.29787826538086,60.4900016784668,60.900001525878906,58.119998931884766,58.290000915527344,5135400.0
2026-06-24,60.786319732666016,60.97999954223633,62.540000915527344,60.77000045776367,61.0,4655100.0
2026-06-25,61.17508316040039,61.369998931884766,62.290000915527344,61.029998779296875,61.43000030517578,3109100.0
2026-06-26,61.59375,61.790000915527344,62.189998626708984,60.900001525878906,61.13999938964844,4634600.0
2026-06-29,61.823020935058594,62.02000045776367,62.02000045776367,60.93000030517578,61.38999938964844,2172100.0
2026-06-30,62.201812744140625,62.400001525878906,62.77000045776367,61.2400016784668,61.66999816894531,2572300.0
2026-07-01,61.55387496948242,61.75,62.43000030517578,61.43000030517578,62.0099983215332,2170700.0
2026-07-02,63.18866729736328,63.38999938964844,63.400001525878906,61.79999923706055,62.290000915527344,1886000.0
2026-07-06,62.750064849853516,62.95000076293945,63.939998626708984,61.310001373291016,63.939998626708984,2648500.0
2026-07-07,62.46098709106445,62.65999984741211,63.900001525878906,62.63999938964844,63.40999984741211,1615200.0
2026-07-08,60.098514556884766,60.290000915527344,61.790000915527344,59.939998626708984,61.779998779296875,2200400.0
2026-07-09,60.80625915527344,61.0,61.58000183105469,60.310001373291016,61.060001373291016,1246500.0
2026-07-10,61.49406433105469,61.689998626708984,62.06999969482422,60.900001525878906,61.209999084472656,1338300.0
2026-07-13,61.10530471801758,61.29999923706055,62.220001220703125,60.52000045776367,61.86000061035156,1447600.0
2026-07-14,60.26797103881836,60.459999084472656,61.77000045776367,60.25,61.77000045776367,1673200.0
2026-07-15,60.60689163208008,60.79999923706055,61.189998626708984,60.099998474121094,60.5099983215332,2591100.0
2026-07-16,62.949432373046875,63.150001525878906,63.189998626708984,61.08000183105469,61.08000183105469,1905600.0
2026-07-17,62.510826110839844,62.709999084472656,64.12000274658203,62.22999954223633,63.38999938964844,1783200.0
2026-07-20,62.05228805541992,62.25,62.810001373291016,62.029998779296875,62.810001373291016,1741500.0
2026-07-21,62.35133361816406,62.54999923706055,63.33000183105469,61.599998474121094,61.599998474121094,1594600.0
2026-07-22,62.15196990966797,62.349998474121094,62.9900016784668,62.099998474121094,62.91999816894531,1544100.0
2026-07-23,62.032352447509766,62.22999954223633,62.72999954223633,61.59000015258789,62.02000045776367,2191300.0
2026-07-24,63.637237548828125,63.84000015258789,63.880001068115234,61.689998626708984,62.15999984741211,1338200.0
2026-07-27,64.464599609375,64.66999816894531,65.22000122070312,64.12999725341797,64.19999694824219,2195900.0
2026-07-28,66.67755126953125,66.88999938964844,67.55000305175781,65.44999694824219,65.63999938964844,2441000.0
2026-07-29,65.6308822631836,65.83999633789062,66.26000213623047,64.9000015258789,66.16000366210938,2188000.0
2026-07-30,65.10256958007812,65.30999755859375,66.1500015258789,64.37999725341797,66.11000061035156,1447800.0
2026-07-31,64.6938705444336,64.9000015258789,65.19999694824219,64.0999984741211,65.12999725341797,2169000.0
2026-08-03,64.94307708740234,65.1500015258789,66.06999969482422,64.76000213623047,65.43000030517578,2195900.0
2026-08-04,63.547523498535156,63.75,63.9900016784668,60.79999923706055,61.86000061035156,3466200.0
2026-08-05,63.288352966308594,63.4900016784668,63.97999954223633,62.81999969482422,63.20000076293945,2381400.0
2026-08-06,62.92949295043945,63.130001068115234,63.869998931884766,62.7400016784668,63.79999923706055,1783500.0
2026-08-07,63.248477935791016,63.45000076293945,63.560001373291016,62.400001525878906,63.459999084472656,1763100.0
2026-08-10,62.38124084472656,62.58000183105469,63.279998779296875,61.959999084472656,62.93000030517578,2166100.0
2026-08-11,62.700225830078125,62.900001525878906,63.310001373291016,62.279998779296875,62.279998779296875,1723800.0
2026-08-12,61.9426383972168,62.13999938964844,62.88999938964844,61.75,62.45000076293945,1422900.0
2026-08-13,61.73330307006836,61.93000030517578,62.970001220703125,61.900001525878906,62.66999816894531,1387300.0
2026-08-14,61.623653411865234,61.81999969482422,62.040000915527344,60.900001525878906,61.56999969482422,1606600.0
2026-08-17,60.985687255859375,61.18000030517578,62.43000030517578,61.11000061035156,62.43000030517578,1309400.0
2026-08-18,61.47412872314453,61.66999816894531,61.88999938964844,60.939998626708984,61.72999954223633,1837200.0
2026-08-19,62.421112060546875,62.619998931884766,63.16999816894531,62.0,62.09000015258789,1781600.0
2026-08-20,62.4111442565918,62.61000061035156,62.88999938964844,61.77000045776367,61.810001373291016,1634800.0
2026-08-21,63.388031005859375,63.59000015258789,63.650001525878906,62.779998779296875,62.95000076293945,1386500.0
2026-08-24,64.21539306640625,64.41999816894531,64.68000030517578,63.630001068115234,63.880001068115234,1606800.0
2026-08-25,63.8764762878418,64.08000183105469,64.61000061035156,63.439998626708984,64.55000305175781,1123900.0
2026-08-26,63.84657287597656,64.05000305175781,64.91999816894531,63.95000076293945,64.29000091552734,1050700.0
2026-08-27,63.168731689453125,63.369998931884766,64.5,63.06999969482422,64.48999786376953,1510300.0
2026-08-28,63.56745910644531,63.77000045776367,64.33999633789062,63.310001373291016,63.90999984741211,1361000.0
2026-08-31,62.77000427246094,62.970001220703125,63.720001220703125,62.790000915527344,63.529998779296875,2301100.0
2026-09-01,62.77000045776367,62.77000045776367,63.209999084472656,62.369998931884766,62.91999816894531,1595600.0
2026-09-02,63.29999923706055,63.29999923706055,63.93000030517578,62.68000030517578,63.290000915527344,1998000.0
2026-09-03,62.93000030517578,62.93000030517578,63.810001373291016,62.380001068115234,63.650001525878906,2114100.0
2026-09-04,62.66999816894531,62.66999816894531,62.9900016784668,62.209999084472656,62.43000030517578,1887500.0
