Date,Adj Close,Close,High,Low,Open,Volume
2025-01-02,0.0803999975323677,0.0803999975323677,0.08420000225305557,0.07999999821186066,0.07999999821186066,261433.0
2025-01-03,0.08020000159740448,0.08020000159740448,0.08060000091791153,0.07699999958276749,0.07840000092983246,237436.0
2025-01-06,0.07819999754428864,0.07819999754428864,0.08100000023841858,0.07800000160932541,0.08020000159740448,389665.0
2025-01-07,0.08420000225305557,0.08420000225305557,0.08420000225305557,0.07919999957084656,0.08079999685287476,666984.0
2025-01-08,0.08299999684095383,0.08299999684095383,0.08399999886751175,0.0803999975323677,0.0803999975323677,148196.0
2025-01-09,0.08399999886751175,0.08399999886751175,0.08399999886751175,0.08219999819993973,0.08299999684095383,177722.0
2025-01-10,0.08219999819993973,0.08219999819993973,0.08399999886751175,0.0803999975323677,0.08219999819993973,182524.0
2025-01-13,0.0860000029206276,0.0860000029206276,0.08699999749660492,0.08020000159740448,0.08219999819993973,600190.0
2025-01-14,0.09300000220537186,0.09300000220537186,0.09399999678134918,0.0851999968290329,0.08640000224113464,1895509.0
2025-01-15,0.09179999679327011,0.09179999679327011,0.09359999746084213,0.08699999749660492,0.09179999679327011,264400.0
2025-01-16,0.09300000220537186,0.09300000220537186,0.0934000015258789,0.08980000019073486,0.09160000085830688,251005.0
2025-01-17,0.09200000017881393,0.09200000017881393,0.09319999814033508,0.09000000357627869,0.09019999951124191,176108.0
2025-01-20,0.09040000289678574,0.09040000289678574,0.09300000220537186,0.09019999951124191,0.09300000220537186,342506.0
2025-01-21,0.09099999815225601,0.09099999815225601,0.09300000220537186,0.09019999951124191,0.09200000017881393,326664.0
2025-01-22,0.09059999883174896,0.09059999883174896,0.09200000017881393,0.09019999951124191,0.09099999815225601,105000.0
2025-01-23,0.08959999680519104,0.08959999680519104,0.09200000017881393,0.08720000088214874,0.09200000017881393,468388.0
2025-01-24,0.08640000224113464,0.08640000224113464,0.08980000019073486,0.0860000029206276,0.08799999952316284,300564.0
2025-01-27,0.08720000088214874,0.08720000088214874,0.08959999680519104,0.08699999749660492,0.08699999749660492,81382.0
2025-01-28,0.08699999749660492,0.08699999749660492,0.08919999748468399,0.08699999749660492,0.08919999748468399,63424.0
2025-01-29,0.08780000358819962,0.08780000358819962,0.08780000358819962,0.0860000029206276,0.08699999749660492,97000.0
2025-01-30,0.08959999680519104,0.08959999680519104,0.08959999680519104,0.08799999952316284,0.08799999952316284,177098.0
2025-01-31,0.08720000088214874,0.08720000088214874,0.08959999680519104,0.08659999817609787,0.08659999817609787,152025.0
2025-02-03,0.08780000358819962,0.08780000358819962,0.09139999747276306,0.08720000088214874,0.08720000088214874,196273.0
2025-02-04,0.08959999680519104,0.08959999680519104,0.09000000357627869,0.08760000020265579,0.09000000357627869,51104.0
2025-02-05,0.08780000358819962,0.08780000358819962,0.08959999680519104,0.08760000020265579,0.08959999680519104,49503.0
2025-02-06,0.08820000290870667,0.08820000290870667,0.08959999680519104,0.08799999952316284,0.08879999816417694,141000.0
2025-02-07,0.08900000154972076,0.08900000154972076,0.08959999680519104,0.08760000020265579,0.08959999680519104,92451.0
2025-02-10,0.08720000088214874,0.08720000088214874,0.08940000087022781,0.08699999749660492,0.08940000087022781,138159.0
2025-02-11,0.08799999952316284,0.08799999952316284,0.08940000087022781,0.08760000020265579,0.08940000087022781,594688.0
2025-02-12,0.08799999952316284,0.08799999952316284,0.08919999748468399,0.08799999952316284,0.08919999748468399,116051.0
2025-02-13,0.08820000290870667,0.08820000290870667,0.08919999748468399,0.08820000290870667,0.08919999748468399,70871.0
2025-02-14,0.09099999815225601,0.09099999815225601,0.09099999815225601,0.08900000154972076,0.08919999748468399,443870.0
2025-02-17,0.09839999675750732,0.09839999675750732,0.09839999675750732,0.08940000087022781,0.09099999815225601,1513375.0
2025-02-18,0.11100000143051147,0.11100000143051147,0.11100000143051147,0.09960000216960907,0.09960000216960907,4763068.0
2025-02-19,0.11999999731779099,0.11999999731779099,0.12250000238418579,0.1120000034570694,0.11349999904632568,10110171.0
2025-02-20,0.11999999731779099,0.11999999731779099,0.12349999696016312,0.11599999666213989,0.12250000238418579,4007356.0
2025-02-21,0.11500000208616257,0.11500000208616257,0.11900000274181366,0.10999999940395355,0.11649999767541885,2312263.0
2025-02-24,0.10999999940395355,0.10999999940395355,0.11500000208616257,0.1080000028014183,0.11500000208616257,2201972.0
2025-02-25,0.10899999737739563,0.10899999737739563,0.1120000034570694,0.10849999636411667,0.10899999737739563,429244.0
2025-02-26,0.10599999874830246,0.10599999874830246,0.10899999737739563,0.10199999809265137,0.10899999737739563,2631453.0
2025-02-27,0.10750000178813934,0.10750000178813934,0.10899999737739563,0.10400000214576721,0.10400000214576721,451941.0
2025-02-28,0.10499999672174454,0.10499999672174454,0.10700000077486038,0.10199999809265137,0.10700000077486038,626405.0
2025-03-03,0.10649999976158142,0.10649999976158142,0.10700000077486038,0.10300000011920929,0.10700000077486038,156511.0
2025-03-04,0.10450000315904617,0.10450000315904617,0.10599999874830246,0.1014999970793724,0.10499999672174454,124667.0
2025-03-05,0.11400000005960464,0.11400000005960464,0.11800000071525574,0.10000000149011612,0.10499999672174454,3512289.0
2025-03-06,0.11299999803304672,0.11299999803304672,0.11299999803304672,0.10849999636411667,0.10849999636411667,637788.0
2025-03-07,0.11050000041723251,0.11050000041723251,0.11400000005960464,0.10249999910593033,0.10899999737739563,262716.0
2025-03-10,0.10599999874830246,0.10599999874830246,0.11249999701976776,0.1054999977350235,0.1054999977350235,252104.0
2025-03-11,0.10849999636411667,0.10849999636411667,0.11249999701976776,0.10599999874830246,0.10599999874830246,217314.0
2025-03-12,0.11500000208616257,0.11500000208616257,0.11500000208616257,0.1054999977350235,0.10599999874830246,480660.0
2025-03-13,0.1120000034570694,0.1120000034570694,0.11500000208616257,0.1120000034570694,0.11500000208616257,486555.0
2025-03-14,0.1145000010728836,0.1145000010728836,0.1145000010728836,0.10700000077486038,0.11100000143051147,471549.0
2025-03-17,0.12200000137090683,0.12200000137090683,0.12300000339746475,0.10649999976158142,0.1145000010728836,2415357.0
2025-03-18,0.12600000202655792,0.12600000202655792,0.1274999976158142,0.11699999868869781,0.12300000339746475,2688143.0
2025-03-19,0.12349999696016312,0.12349999696016312,0.12800000607967377,0.12200000137090683,0.12800000607967377,1453515.0
2025-03-20,0.13099999725818634,0.13099999725818634,0.13199999928474426,0.12150000035762787,0.12349999696016312,4151829.0
2025-03-21,0.1315000057220459,0.1315000057220459,0.1340000033378601,0.12700000405311584,0.13099999725818634,1532587.0
2025-03-24,0.14650000631809235,0.14650000631809235,0.15199999511241913,0.1289999932050705,0.13199999928474426,6311685.0
2025-03-25,0.1525000035762787,0.1525000035762787,0.15800000727176666,0.14650000631809235,0.1469999998807907,3917627.0
2025-03-26,0.15600000321865082,0.15600000321865082,0.15600000321865082,0.14800000190734863,0.15049999952316284,1590767.0
2025-03-27,0.15000000596046448,0.15000000596046448,0.15600000321865082,0.14800000190734863,0.15600000321865082,1289584.0
2025-03-28,0.1615000069141388,0.1615000069141388,0.164000004529953,0.1550000011920929,0.1550000011920929,2740561.0
2025-03-31,0.1599999964237213,0.1599999964237213,0.16449999809265137,0.15399999916553497,0.1599999964237213,629830.0
2025-04-01,0.1535000056028366,0.1535000056028366,0.16300000250339508,0.15199999511241913,0.1550000011920929,1102300.0
2025-04-02,0.14749999344348907,0.14749999344348907,0.15600000321865082,0.14499999582767487,0.1525000035762787,1090335.0
2025-04-03,0.14949999749660492,0.14949999749660492,0.14949999749660492,0.1469999998807907,0.14900000393390656,551311.0
2025-04-04,0.13699999451637268,0.13699999451637268,0.1459999978542328,0.12999999523162842,0.1459999978542328,2392217.0
2025-04-07,0.12999999523162842,0.12999999523162842,0.13449999690055847,0.11500000208616257,0.12549999356269836,2991666.0
2025-04-08,0.14000000059604645,0.14000000059604645,0.14000000059604645,0.1289999932050705,0.12999999523162842,964204.0
2025-04-09,0.13099999725818634,0.13099999725818634,0.13899999856948853,0.1289999932050705,0.13899999856948853,389837.0
2025-04-10,0.1340000033378601,0.1340000033378601,0.14399999380111694,0.13300000131130219,0.14399999380111694,916784.0
2025-04-11,0.13500000536441803,0.13500000536441803,0.13699999451637268,0.12999999523162842,0.1340000033378601,207735.0
2025-04-14,0.14100000262260437,0.14100000262260437,0.14399999380111694,0.13099999725818634,0.14399999380111694,663151.0
2025-04-15,0.14499999582767487,0.14499999582767487,0.14550000429153442,0.13899999856948853,0.14149999618530273,383206.0
2025-04-16,0.15950000286102295,0.15950000286102295,0.15950000286102295,0.1404999941587448,0.14550000429153442,2384784.0
2025-04-17,0.15800000727176666,0.15800000727176666,0.1599999964237213,0.15299999713897705,0.1599999964237213,317175.0
2025-04-22,0.16500000655651093,0.16500000655651093,0.17000000178813934,0.15800000727176666,0.1615000069141388,3095894.0
2025-04-23,0.16599999368190765,0.16599999368190765,0.1679999977350235,0.16200000047683716,0.16699999570846558,623771.0
2025-04-24,0.16300000250339508,0.16300000250339508,0.16750000417232513,0.1599999964237213,0.16599999368190765,693589.0
2025-04-25,0.16599999368190765,0.16599999368190765,0.16599999368190765,0.16349999606609344,0.1655000001192093,195430.0
2025-04-28,0.16500000655651093,0.16500000655651093,0.1679999977350235,0.1615000069141388,0.164000004529953,1252000.0
2025-04-29,0.164000004529953,0.164000004529953,0.16599999368190765,0.16200000047683716,0.16500000655651093,287391.0
2025-04-30,0.15700000524520874,0.15700000524520874,0.164000004529953,0.1550000011920929,0.164000004529953,1085848.0
2025-05-02,0.1770000010728836,0.1770000010728836,0.18000000715255737,0.15700000524520874,0.15700000524520874,2786711.0
2025-05-05,0.17900000512599945,0.17900000512599945,0.1835000067949295,0.1770000010728836,0.17800000309944153,1649307.0
2025-05-06,0.18050000071525574,0.18050000071525574,0.18050000071525574,0.17399999499320984,0.17399999499320984,366344.0
2025-05-07,0.20800000429153442,0.20800000429153442,0.20900000631809235,0.18000000715255737,0.18000000715255737,4940933.0
2025-05-08,0.21699999272823334,0.21699999272823334,0.2280000001192093,0.20900000631809235,0.20900000631809235,5815396.0
2025-05-09,0.20200000703334808,0.20200000703334808,0.22599999606609344,0.20200000703334808,0.22300000488758087,4949178.0
2025-05-12,0.2070000022649765,0.2070000022649765,0.21299999952316284,0.1979999989271164,0.2070000022649765,2069450.0
2025-05-13,0.23199999332427979,0.23199999332427979,0.23199999332427979,0.2070000022649765,0.20999999344348907,3788724.0
2025-05-14,0.23999999463558197,0.23999999463558197,0.24799999594688416,0.23399999737739563,0.23499999940395355,4496593.0
2025-05-15,0.23999999463558197,0.23999999463558197,0.25,0.2370000034570694,0.2370000034570694,2637066.0
2025-05-16,0.23800000548362732,0.23800000548362732,0.24400000274181366,0.23399999737739563,0.23999999463558197,1575745.0
2025-05-19,0.2540000081062317,0.2540000081062317,0.25600001215934753,0.2290000021457672,0.23600000143051147,3157065.0
2025-05-20,0.2800000011920929,0.2800000011920929,0.28700000047683716,0.2540000081062317,0.2540000081062317,5357131.0
2025-05-21,0.3089999854564667,0.3089999854564667,0.3089999854564667,0.2809999883174896,0.2809999883174896,7654571.0
2025-05-22,0.3319999873638153,0.3319999873638153,0.33899998664855957,0.3100000023841858,0.3100000023841858,9673896.0
2025-05-23,0.3230000138282776,0.3230000138282776,0.3370000123977661,0.30399999022483826,0.3370000123977661,7727855.0
2025-05-26,0.3269999921321869,0.3269999921321869,0.33799999952316284,0.31700000166893005,0.3240000009536743,2821859.0
2025-05-27,0.3149999976158142,0.3149999976158142,0.33399999141693115,0.3100000023841858,0.33399999141693115,2869704.0
2025-05-28,0.29100000858306885,0.29100000858306885,0.31299999356269836,0.289000004529953,0.31200000643730164,5956092.0
2025-05-29,0.3149999976158142,0.3149999976158142,0.3149999976158142,0.28999999165534973,0.28999999165534973,3480331.0
2025-05-30,0.3179999887943268,0.3179999887943268,0.328000009059906,0.3100000023841858,0.31200000643730164,4556596.0
2025-06-02,0.3109999895095825,0.3109999895095825,0.32499998807907104,0.30799999833106995,0.3179999887943268,1972613.0
2025-06-03,0.3529999852180481,0.3529999852180481,0.35600000619888306,0.31299999356269836,0.31299999356269836,9209531.0
2025-06-04,0.4309999942779541,0.4309999942779541,0.4309999942779541,0.3569999933242798,0.3569999933242798,14575601.0
2025-06-05,0.4300000071525574,0.4300000071525574,0.45500001311302185,0.41100001335144043,0.4359999895095825,10458526.0
2025-06-06,0.41100001335144043,0.41100001335144043,0.43799999356269836,0.39800000190734863,0.43799999356269836,5930566.0
2025-06-09,0.35199999809265137,0.35199999809265137,0.41100001335144043,0.3499999940395355,0.41100001335144043,6366180.0
2025-06-10,0.3149999976158142,0.3149999976158142,0.3540000021457672,0.27799999713897705,0.3440000116825104,12133790.0
2025-06-11,0.25600001215934753,0.25600001215934753,0.33000001311302185,0.25600001215934753,0.3149999976158142,12414126.0
2025-06-12,0.29499998688697815,0.29499998688697815,0.2980000078678131,0.25699999928474426,0.25999999046325684,12052575.0
2025-06-13,0.2759999930858612,0.2759999930858612,0.29499998688697815,0.26899999380111694,0.29499998688697815,7690731.0
2025-06-16,0.28299999237060547,0.28299999237060547,0.2919999957084656,0.27399998903274536,0.28299999237060547,3592225.0
2025-06-17,0.2930000126361847,0.2930000126361847,0.2930000126361847,0.2720000147819519,0.28299999237060547,3608062.0
2025-06-18,0.31200000643730164,0.31200000643730164,0.3310000002384186,0.28600001335144043,0.28600001335144043,12353207.0
2025-06-19,0.28600001335144043,0.28600001335144043,0.3199999928474426,0.2770000100135803,0.3199999928474426,6254915.0
2025-06-20,0.2849999964237213,0.2849999964237213,0.296999990940094,0.2809999883174896,0.296999990940094,3799405.0
2025-06-23,0.28200000524520874,0.28200000524520874,0.2919999957084656,0.27000001072883606,0.2720000147819519,3520247.0
2025-06-24,0.29100000858306885,0.29100000858306885,0.2980000078678131,0.28200000524520874,0.2919999957084656,4590720.0
2025-06-25,0.3050000071525574,0.3050000071525574,0.3100000023841858,0.28999999165534973,0.2919999957084656,3243086.0
2025-06-26,0.3179999887943268,0.3179999887943268,0.3230000138282776,0.3050000071525574,0.31200000643730164,3403821.0
2025-06-27,0.3089999854564667,0.3089999854564667,0.33000001311302185,0.3050000071525574,0.32199999690055847,4394620.0
2025-06-30,0.3089999854564667,0.3089999854564667,0.31200000643730164,0.30000001192092896,0.3100000023841858,1990070.0
2025-07-01,0.3149999976158142,0.3149999976158142,0.3240000009536743,0.3100000023841858,0.3149999976158142,2548401.0
2025-07-02,0.3449999988079071,0.3449999988079071,0.3499999940395355,0.3100000023841858,0.3100000023841858,8445218.0
2025-07-03,0.33899998664855957,0.33899998664855957,0.3499999940395355,0.335999995470047,0.3490000069141388,2045612.0
2025-07-04,0.33799999952316284,0.33799999952316284,0.3409999907016754,0.3310000002384186,0.3409999907016754,1069539.0
2025-07-07,0.36800000071525574,0.36800000071525574,0.3720000088214874,0.3400000035762787,0.34200000762939453,7554101.0
2025-07-08,0.3720000088214874,0.3720000088214874,0.375,0.3619999885559082,0.3700000047683716,4413856.0
2025-07-09,0.3869999945163727,0.3869999945163727,0.39399999380111694,0.3720000088214874,0.3720000088214874,5272152.0
2025-07-10,0.382999986410141,0.382999986410141,0.38999998569488525,0.37299999594688416,0.38999998569488525,2958269.0
2025-07-11,0.367000013589859,0.367000013589859,0.382999986410141,0.367000013589859,0.38100001215934753,3164500.0
2025-07-14,0.36399999260902405,0.36399999260902405,0.36899998784065247,0.35199999809265137,0.36399999260902405,4822814.0
2025-07-15,0.37400001287460327,0.37400001287460327,0.38499999046325684,0.36399999260902405,0.36399999260902405,4394511.0
2025-07-16,0.3799999952316284,0.3799999952316284,0.3889999985694885,0.37299999594688416,0.38199999928474426,5249758.0
2025-07-17,0.3790000081062317,0.3790000081062317,0.3869999945163727,0.37700000405311584,0.3869999945163727,1076554.0
2025-07-18,0.3919999897480011,0.3919999897480011,0.3959999978542328,0.37700000405311584,0.38199999928474426,5330511.0
2025-07-21,0.38999998569488525,0.38999998569488525,0.3970000147819519,0.38100001215934753,0.39500001072883606,1552891.0
2025-07-22,0.3869999945163727,0.3869999945163727,0.3970000147819519,0.3840000033378601,0.39500001072883606,3134143.0
2025-07-23,0.38199999928474426,0.38199999928474426,0.38499999046325684,0.37599998712539673,0.3799999952316284,2509840.0
2025-07-24,0.3880000114440918,0.3880000114440918,0.39399999380111694,0.3779999911785126,0.38499999046325684,5309715.0
2025-07-25,0.38600000739097595,0.38600000739097595,0.38999998569488525,0.38100001215934753,0.38999998569488525,1079407.0
2025-07-28,0.39100000262260437,0.39100000262260437,0.4000000059604645,0.3840000033378601,0.38999998569488525,4087020.0
2025-07-29,0.39500001072883606,0.39500001072883606,0.4000000059604645,0.38999998569488525,0.3959999978542328,1854902.0
2025-07-30,0.39899998903274536,0.39899998903274536,0.4099999964237213,0.3930000066757202,0.3970000147819519,3638044.0
2025-07-31,0.4009999930858612,0.4009999930858612,0.41200000047683716,0.3959999978542328,0.39899998903274536,4614642.0
2025-08-01,0.40299999713897705,0.40299999713897705,0.4090000092983246,0.3930000066757202,0.40400001406669617,2869630.0
2025-08-04,0.4560000002384186,0.4560000002384186,0.46299999952316284,0.4000000059604645,0.4000000059604645,12720579.0
2025-08-05,0.5040000081062317,0.5040000081062317,0.5199999809265137,0.4690000116825104,0.4699999988079071,15576903.0
2025-08-06,0.5239999890327454,0.5239999890327454,0.5680000185966492,0.5040000081062317,0.5220000147819519,15984723.0
2025-08-07,0.5239999890327454,0.5239999890327454,0.5460000038146973,0.5080000162124634,0.5460000038146973,8343797.0
2025-08-08,0.48399999737739563,0.48399999737739563,0.5199999809265137,0.4690000116825104,0.5199999809265137,10175867.0
2025-08-11,0.5019999742507935,0.5019999742507935,0.5199999809265137,0.4729999899864197,0.49300000071525574,3625499.0
2025-08-12,0.5099999904632568,0.5099999904632568,0.5199999809265137,0.5,0.515999972820282,2773482.0
2025-08-13,0.5460000038146973,0.5460000038146973,0.550000011920929,0.5099999904632568,0.5099999904632568,9566268.0
2025-08-14,0.5320000052452087,0.5320000052452087,0.5559999942779541,0.5239999890327454,0.5460000038146973,5349817.0
2025-08-15,0.5299999713897705,0.5299999713897705,0.5460000038146973,0.5199999809265137,0.5460000038146973,2965143.0
2025-08-18,0.5479999780654907,0.5479999780654907,0.550000011920929,0.5360000133514404,0.5400000214576721,6032620.0
2025-08-19,0.5540000200271606,0.5540000200271606,0.5540000200271606,0.5419999957084656,0.550000011920929,3118630.0
2025-08-20,0.5400000214576721,0.5400000214576721,0.5559999942779541,0.5400000214576721,0.5540000200271606,3747964.0
2025-08-21,0.5059999823570251,0.5059999823570251,0.5460000038146973,0.5019999742507935,0.5460000038146973,8666826.0
2025-08-22,0.4959999918937683,0.4959999918937683,0.5220000147819519,0.4860000014305115,0.5059999823570251,6742485.0
2025-08-25,0.4620000123977661,0.4620000123977661,0.5019999742507935,0.4490000009536743,0.49799999594688416,9467975.0
2025-08-26,0.42500001192092896,0.42500001192092896,0.45899999141693115,0.421999990940094,0.45899999141693115,14804910.0
2025-08-27,0.4259999990463257,0.4259999990463257,0.4399999976158142,0.4090000092983246,0.41999998688697815,6678635.0
2025-08-28,0.4099999964237213,0.4099999964237213,0.4359999895095825,0.3869999945163727,0.4300000071525574,10973214.0
2025-08-29,0.4090000092983246,0.4090000092983246,0.41600000858306885,0.3970000147819519,0.414000004529953,3535931.0
2025-09-01,0.4300000071525574,0.4300000071525574,0.43700000643730164,0.4099999964237213,0.4099999964237213,4395794.0
2025-09-02,0.41100001335144043,0.41100001335144043,0.4300000071525574,0.40799999237060547,0.42899999022483826,2120929.0
2025-09-03,0.42500001192092896,0.42500001192092896,0.4269999861717224,0.41100001335144043,0.41100001335144043,2216810.0
2025-09-04,0.4650000035762787,0.4650000035762787,0.4690000116825104,0.4180000126361847,0.42800000309944153,10505885.0
2025-09-05,0.4429999887943268,0.4429999887943268,0.47099998593330383,0.44200000166893005,0.4690000116825104,5648400.0
2025-09-08,0.45899999141693115,0.45899999141693115,0.4650000035762787,0.4480000138282776,0.44999998807907104,3026918.0
2025-09-09,0.43700000643730164,0.43700000643730164,0.4650000035762787,0.4359999895095825,0.46399998664855957,3061365.0
2025-09-10,0.4519999921321869,0.4519999921321869,0.453000009059906,0.4309999942779541,0.4399999976158142,2787985.0
2025-09-11,0.515999972820282,0.515999972820282,0.5360000133514404,0.48899999260902405,0.492000013589859,20562655.0
2025-09-12,0.5400000214576721,0.5400000214576721,0.5720000267028809,0.515999972820282,0.5199999809265137,17548473.0
2025-09-15,0.5740000009536743,0.5740000009536743,0.5759999752044678,0.5339999794960022,0.5580000281333923,9712849.0
2025-09-16,0.5699999928474426,0.5699999928474426,0.5799999833106995,0.5619999766349792,0.5740000009536743,6200966.0
2025-09-17,0.5659999847412109,0.5659999847412109,0.5699999928474426,0.5360000133514404,0.5699999928474426,7332576.0
2025-09-18,0.6000000238418579,0.6000000238418579,0.6079999804496765,0.5699999928474426,0.5699999928474426,12458712.0
2025-09-19,0.6100000143051147,0.6100000143051147,0.6439999938011169,0.5820000171661377,0.6039999723434448,15731589.0
2025-09-22,0.5600000023841858,0.5600000023841858,0.628000020980835,0.5519999861717224,0.6100000143051147,13743532.0
2025-09-23,0.578000009059906,0.578000009059906,0.593999981880188,0.5659999847412109,0.5659999847412109,7733566.0
2025-09-24,0.5720000267028809,0.5720000267028809,0.5839999914169312,0.5680000185966492,0.578000009059906,3850094.0
2025-09-25,0.5680000185966492,0.5680000185966492,0.5799999833106995,0.5659999847412109,0.578000009059906,2951718.0
2025-09-26,0.5540000200271606,0.5540000200271606,0.5720000267028809,0.5419999957084656,0.5720000267028809,4976483.0
2025-09-29,0.5440000295639038,0.5440000295639038,0.5619999766349792,0.5379999876022339,0.5600000023841858,5105640.0
2025-09-30,0.5320000052452087,0.5320000052452087,0.5419999957084656,0.5199999809265137,0.5419999957084656,6051161.0
2025-10-01,0.5260000228881836,0.5260000228881836,0.5360000133514404,0.5139999985694885,0.5360000133514404,1825989.0
2025-10-02,0.527999997138977,0.527999997138977,0.5339999794960022,0.5120000243186951,0.5239999890327454,1556739.0
2025-10-03,0.527999997138977,0.527999997138977,0.5379999876022339,0.5239999890327454,0.527999997138977,1714877.0
2025-10-06,0.5299999713897705,0.5299999713897705,0.5339999794960022,0.5199999809265137,0.5299999713897705,1680950.0
2025-10-07,0.550000011920929,0.550000011920929,0.5619999766349792,0.5239999890327454,0.5239999890327454,7412075.0
2025-10-08,0.550000011920929,0.550000011920929,0.5540000200271606,0.5400000214576721,0.550000011920929,2657939.0
2025-10-09,0.578000009059906,0.578000009059906,0.5860000252723694,0.5440000295639038,0.5559999942779541,9097185.0
2025-10-10,0.5699999928474426,0.5699999928474426,0.5820000171661377,0.5580000281333923,0.578000009059906,4874043.0
2025-10-13,0.6179999709129333,0.6179999709129333,0.6179999709129333,0.5699999928474426,0.5740000009536743,11221673.0
2025-10-14,0.6880000233650208,0.6880000233650208,0.6899999976158142,0.6200000047683716,0.621999979019165,17560414.0
2025-10-15,0.7360000014305115,0.7360000014305115,0.75,0.6980000138282776,0.6980000138282776,14908885.0
2025-10-16,0.777999997138977,0.777999997138977,0.7839999794960022,0.722000002861023,0.7419999837875366,12447099.0
2025-10-17,0.7300000190734863,0.7300000190734863,0.8140000104904175,0.7239999771118164,0.7860000133514404,19421521.0
2025-10-20,0.6819999814033508,0.6819999814033508,0.75,0.6779999732971191,0.75,19606368.0
2025-10-21,0.6460000276565552,0.6460000276565552,0.6899999976158142,0.6439999938011169,0.6899999976158142,9278806.0
2025-10-22,0.6520000100135803,0.6520000100135803,0.6840000152587891,0.6320000290870667,0.6399999856948853,6394161.0
2025-10-23,0.6700000166893005,0.6700000166893005,0.6740000247955322,0.656000018119812,0.6600000262260437,3899875.0
2025-10-24,0.6759999990463257,0.6759999990463257,0.6819999814033508,0.6620000004768372,0.671999990940094,3213476.0
2025-10-27,0.699999988079071,0.699999988079071,0.699999988079071,0.6620000004768372,0.6859999895095825,5645681.0
2025-10-28,0.7139999866485596,0.7139999866485596,0.7139999866485596,0.6840000152587891,0.699999988079071,5398535.0
2025-10-29,0.7020000219345093,0.7020000219345093,0.7260000109672546,0.7020000219345093,0.7139999866485596,8849666.0
2025-10-30,0.7039999961853027,0.7039999961853027,0.7080000042915344,0.6940000057220459,0.7039999961853027,1870610.0
2025-10-31,0.6959999799728394,0.6959999799728394,0.7059999704360962,0.6959999799728394,0.7059999704360962,1544589.0
2025-11-03,0.6880000233650208,0.6880000233650208,0.7139999866485596,0.6859999895095825,0.7099999785423279,1656721.0
2025-11-04,0.6779999732971191,0.6779999732971191,0.6899999976158142,0.6639999747276306,0.6899999976158142,3312583.0
2025-11-05,0.6959999799728394,0.6959999799728394,0.699999988079071,0.671999990940094,0.6819999814033508,1785075.0
2025-11-06,0.6840000152587891,0.6840000152587891,0.699999988079071,0.6800000071525574,0.6919999718666077,1877580.0
2025-11-07,0.6819999814033508,0.6819999814033508,0.6899999976158142,0.6759999990463257,0.6859999895095825,1238643.0
2025-11-10,0.7160000205039978,0.7160000205039978,0.7279999852180481,0.6859999895095825,0.6859999895095825,9745660.0
2025-11-11,0.6840000152587891,0.6840000152587891,0.7160000205039978,0.6759999990463257,0.7099999785423279,7366681.0
2025-11-12,0.6779999732971191,0.6779999732971191,0.6899999976158142,0.6759999990463257,0.6899999976158142,3031459.0
2025-11-13,0.699999988079071,0.699999988079071,0.7080000042915344,0.6859999895095825,0.6859999895095825,6396059.0
2025-11-14,0.7139999866485596,0.7139999866485596,0.7139999866485596,0.6800000071525574,0.7039999961853027,6988369.0
2025-11-17,0.7039999961853027,0.7039999961853027,0.7279999852180481,0.6940000057220459,0.7139999866485596,6179010.0
2025-11-18,0.699999988079071,0.699999988079071,0.7120000123977661,0.6919999718666077,0.6980000138282776,2581050.0
2025-11-19,0.6800000071525574,0.6800000071525574,0.7039999961853027,0.6679999828338623,0.6959999799728394,4720833.0
2025-11-20,0.6899999976158142,0.6899999976158142,0.7039999961853027,0.6759999990463257,0.6800000071525574,5281569.0
2025-11-21,0.6759999990463257,0.6759999990463257,0.6840000152587891,0.6660000085830688,0.6759999990463257,2531289.0
2025-11-24,0.6779999732971191,0.6779999732971191,0.6919999718666077,0.6700000166893005,0.6800000071525574,1217658.0
2025-11-25,0.6700000166893005,0.6700000166893005,0.6800000071525574,0.6639999747276306,0.6800000071525574,2426459.0
2025-11-26,0.6800000071525574,0.6800000071525574,0.6859999895095825,0.6700000166893005,0.6779999732971191,1752275.0
2025-11-27,0.6779999732971191,0.6779999732971191,0.6940000057220459,0.6759999990463257,0.6759999990463257,2589480.0
2025-11-28,0.6759999990463257,0.6759999990463257,0.6779999732971191,0.671999990940094,0.6779999732971191,1608120.0
2025-12-01,0.6759999990463257,0.6759999990463257,0.6759999990463257,0.6660000085830688,0.6759999990463257,1506850.0
2025-12-02,0.6919999718666077,0.6919999718666077,0.6959999799728394,0.671999990940094,0.671999990940094,5975369.0
2025-12-03,0.699999988079071,0.699999988079071,0.7099999785423279,0.6899999976158142,0.6919999718666077,3310650.0
2025-12-04,0.6899999976158142,0.6899999976158142,0.7039999961853027,0.6759999990463257,0.699999988079071,2607409.0
2025-12-05,0.6800000071525574,0.6800000071525574,0.699999988079071,0.6800000071525574,0.6800000071525574,2454594.0
2025-12-08,0.6779999732971191,0.6779999732971191,0.6880000233650208,0.6779999732971191,0.6779999732971191,858842.0
2025-12-09,0.6639999747276306,0.6639999747276306,0.6859999895095825,0.6639999747276306,0.6859999895095825,4234344.0
2025-12-10,0.6240000128746033,0.6240000128746033,0.6639999747276306,0.6200000047683716,0.6639999747276306,6319551.0
2025-12-11,0.6480000019073486,0.6480000019073486,0.6539999842643738,0.6259999871253967,0.6259999871253967,3109181.0
2025-12-12,0.6420000195503235,0.6420000195503235,0.6539999842643738,0.6320000290870667,0.6539999842643738,2569864.0
2025-12-15,0.6800000071525574,0.6800000071525574,0.6800000071525574,0.6420000195503235,0.6420000195503235,5524815.0
2025-12-16,0.6660000085830688,0.6660000085830688,0.6840000152587891,0.6639999747276306,0.6819999814033508,2514618.0
2025-12-17,0.6579999923706055,0.6579999923706055,0.6759999990463257,0.6579999923706055,0.6679999828338623,2791030.0
2025-12-18,0.6579999923706055,0.6579999923706055,0.6700000166893005,0.6480000019073486,0.6700000166893005,1807253.0
2025-12-19,0.6679999828338623,0.6679999828338623,0.6740000247955322,0.6600000262260437,0.6600000262260437,4868393.0
2025-12-22,0.6620000004768372,0.6620000004768372,0.6740000247955322,0.656000018119812,0.6700000166893005,3327555.0
2025-12-23,0.6399999856948853,0.6399999856948853,0.6679999828338623,0.6359999775886536,0.6679999828338623,5174468.0
2025-12-24,0.6420000195503235,0.6420000195503235,0.6460000276565552,0.6299999952316284,0.6460000276565552,2021117.0
2025-12-29,0.6179999709129333,0.6179999709129333,0.6499999761581421,0.6100000143051147,0.6499999761581421,4246620.0
2025-12-30,0.6240000128746033,0.6240000128746033,0.628000020980835,0.6140000224113464,0.6140000224113464,3066554.0
2025-12-31,0.6359999775886536,0.6359999775886536,0.6359999775886536,0.6159999966621399,0.6240000128746033,1876528.0
2026-01-02,0.6439999938011169,0.6439999938011169,0.6539999842643738,0.6259999871253967,0.6359999775886536,5056553.0
2026-01-05,0.6480000019073486,0.6480000019073486,0.6520000100135803,0.6340000033378601,0.6499999761581421,1911885.0
2026-01-06,0.656000018119812,0.656000018119812,0.6679999828338623,0.6499999761581421,0.6499999761581421,4375370.0
2026-01-07,0.6460000276565552,0.6460000276565552,0.6600000262260437,0.6460000276565552,0.6600000262260437,2029579.0
2026-01-08,0.6480000019073486,0.6480000019073486,0.6499999761581421,0.6340000033378601,0.6480000019073486,2096222.0
2026-01-09,0.6359999775886536,0.6359999775886536,0.6520000100135803,0.6359999775886536,0.6499999761581421,1837038.0
2026-01-12,0.621999979019165,0.621999979019165,0.6340000033378601,0.6159999966621399,0.6340000033378601,5911529.0
2026-01-13,0.6119999885559082,0.6119999885559082,0.6200000047683716,0.5839999914169312,0.6200000047683716,7732890.0
2026-01-14,0.6140000224113464,0.6140000224113464,0.621999979019165,0.6079999804496765,0.6100000143051147,2150970.0
2026-01-15,0.6140000224113464,0.6140000224113464,0.6179999709129333,0.6100000143051147,0.6100000143051147,1939865.0
2026-01-16,0.6100000143051147,0.6100000143051147,0.6179999709129333,0.6060000061988831,0.6119999885559082,2098537.0
2026-01-19,0.6019999980926514,0.6019999980926514,0.6060000061988831,0.5960000157356262,0.6000000238418579,2035033.0
2026-01-20,0.5759999752044678,0.5759999752044678,0.5960000157356262,0.5699999928474426,0.5960000157356262,7056850.0
2026-01-21,0.550000011920929,0.550000011920929,0.5699999928474426,0.5260000228881836,0.5640000104904175,7837159.0
2026-01-22,0.5640000104904175,0.5640000104904175,0.5720000267028809,0.5479999780654907,0.5600000023841858,3591839.0
2026-01-23,0.5360000133514404,0.5360000133514404,0.5680000185966492,0.5339999794960022,0.5680000185966492,2408228.0
2026-01-26,0.4950000047683716,0.4950000047683716,0.5460000038146973,0.4950000047683716,0.5360000133514404,14340703.0
2026-01-27,0.4959999918937683,0.4959999918937683,0.5120000243186951,0.47099998593330383,0.49000000953674316,8145277.0
2026-01-28,0.4880000054836273,0.4880000054836273,0.49900001287460327,0.4749999940395355,0.49900001287460327,6586468.0
2026-01-29,0.4819999933242798,0.4819999933242798,0.5019999742507935,0.47699999809265137,0.48500001430511475,6894861.0
2026-01-30,0.4819999933242798,0.4819999933242798,0.49000000953674316,0.4779999852180481,0.49000000953674316,787998.0
2026-02-02,0.47999998927116394,0.47999998927116394,0.48500001430511475,0.4749999940395355,0.47999998927116394,4866188.0
2026-02-03,0.47200000286102295,0.47200000286102295,0.4860000014305115,0.4580000042915344,0.4779999852180481,6742484.0
2026-02-04,0.4869999885559082,0.4869999885559082,0.4950000047683716,0.4690000116825104,0.4690000116825104,6996255.0
2026-02-05,0.4880000054836273,0.4880000054836273,0.49300000071525574,0.4779999852180481,0.4869999885559082,1585923.0
2026-02-06,0.49799999594688416,0.49799999594688416,0.5019999742507935,0.47999998927116394,0.4860000014305115,2996107.0
2026-02-09,0.5379999876022339,0.5379999876022339,0.5379999876022339,0.5,0.5040000081062317,12582775.0
2026-02-10,0.5199999809265137,0.5199999809265137,0.550000011920929,0.5139999985694885,0.5419999957084656,7698476.0
2026-02-11,0.5320000052452087,0.5320000052452087,0.5339999794960022,0.515999972820282,0.5260000228881836,2910684.0
2026-02-12,0.5199999809265137,0.5199999809265137,0.5460000038146973,0.5199999809265137,0.5360000133514404,4183922.0
2026-02-13,0.5260000228881836,0.5260000228881836,0.5260000228881836,0.5120000243186951,0.5199999809265137,2418693.0
2026-02-16,0.5220000147819519,0.5220000147819519,0.5239999890327454,0.5099999904632568,0.5099999904632568,1314298.0
2026-02-17,0.5220000147819519,0.5220000147819519,0.5239999890327454,0.515999972820282,0.5180000066757202,922142.0
2026-02-18,0.5320000052452087,0.5320000052452087,0.5339999794960022,0.5199999809265137,0.5260000228881836,2460909.0
2026-02-19,0.5220000147819519,0.5220000147819519,0.5379999876022339,0.5139999985694885,0.5379999876022339,3409585.0
2026-02-20,0.5199999809265137,0.5199999809265137,0.5260000228881836,0.515999972820282,0.5239999890327454,1514089.0
2026-02-23,0.5199999809265137,0.5199999809265137,0.5260000228881836,0.5139999985694885,0.5260000228881836,1589514.0
2026-02-24,0.5180000066757202,0.5180000066757202,0.5220000147819519,0.5120000243186951,0.5199999809265137,2649790.0
2026-02-25,0.5220000147819519,0.5220000147819519,0.5260000228881836,0.515999972820282,0.515999972820282,1438021.0
2026-02-26,0.5139999985694885,0.5139999985694885,0.5239999890327454,0.5120000243186951,0.5220000147819519,2788658.0
2026-02-27,0.5080000162124634,0.5080000162124634,0.5180000066757202,0.5080000162124634,0.5180000066757202,2555354.0
2026-03-02,0.5059999823570251,0.5059999823570251,0.5099999904632568,0.47999998927116394,0.48899999260902405,3096672.0
2026-03-03,0.47600001096725464,0.47600001096725464,0.5059999823570251,0.47200000286102295,0.5059999823570251,4076395.0
2026-03-04,0.4830000102519989,0.4830000102519989,0.49399998784065247,0.47600001096725464,0.47600001096725464,1295952.0
2026-03-05,0.4740000069141388,0.4740000069141388,0.48500001430511475,0.4740000069141388,0.48500001430511475,2310486.0
2026-03-06,0.47099998593330383,0.47099998593330383,0.48500001430511475,0.460999995470047,0.48500001430511475,2834439.0
2026-03-09,0.4620000123977661,0.4620000123977661,0.4659999907016754,0.4519999921321869,0.45500001311302185,2767550.0
2026-03-10,0.47600001096725464,0.47600001096725464,0.47999998927116394,0.4699999988079071,0.47600001096725464,3149107.0
2026-03-11,0.47699999809265137,0.47699999809265137,0.4869999885559082,0.46799999475479126,0.47600001096725464,2179987.0
2026-03-12,0.45399999618530273,0.45399999618530273,0.4860000014305115,0.45100000500679016,0.4860000014305115,3301959.0
2026-03-13,0.4449999928474426,0.4449999928474426,0.4569999873638153,0.4269999861717224,0.45500001311302185,4013873.0
2026-03-16,0.4390000104904175,0.4390000104904175,0.44999998807907104,0.4359999895095825,0.4399999976158142,788822.0
2026-03-17,0.4390000104904175,0.4390000104904175,0.45500001311302185,0.43700000643730164,0.45500001311302185,1505344.0
2026-03-18,0.4359999895095825,0.4359999895095825,0.4480000138282776,0.4359999895095825,0.4390000104904175,1949840.0
2026-03-19,0.4129999876022339,0.4129999876022339,0.4350000023841858,0.4059999883174896,0.4350000023841858,6936633.0
2026-03-20,0.4050000011920929,0.4050000011920929,0.4189999997615814,0.39800000190734863,0.4189999997615814,2634184.0
2026-03-23,0.42100000381469727,0.42100000381469727,0.4259999990463257,0.3799999952316284,0.39500001072883606,5495796.0
2026-03-24,0.414000004529953,0.414000004529953,0.42399999499320984,0.40799999237060547,0.42399999499320984,1937596.0
2026-03-25,0.4180000126361847,0.4180000126361847,0.4259999990463257,0.414000004529953,0.421999990940094,2468850.0
2026-03-26,0.41499999165534973,0.41499999165534973,0.42399999499320984,0.4099999964237213,0.4180000126361847,1172733.0
2026-03-27,0.4059999883174896,0.4059999883174896,0.41999998688697815,0.4059999883174896,0.41999998688697815,1823741.0
2026-03-30,0.40700000524520874,0.40700000524520874,0.41600000858306885,0.4009999930858612,0.41600000858306885,2518954.0
2026-03-31,0.41100001335144043,0.41100001335144043,0.4189999997615814,0.40299999713897705,0.40700000524520874,2612953.0
2026-04-01,0.4490000009536743,0.4490000009536743,0.44999998807907104,0.4189999997615814,0.4189999997615814,6632894.0
2026-04-02,0.44600000977516174,0.44600000977516174,0.4620000123977661,0.4309999942779541,0.4320000112056732,7040157.0
2026-04-07,0.43799999356269836,0.43799999356269836,0.4584999978542328,0.4345000088214874,0.44600000977516174,5318011.0
2026-04-08,0.4729999899864197,0.4729999899864197,0.48649999499320984,0.4690000116825104,0.47999998927116394,7676059.0
2026-04-09,0.46299999952316284,0.46299999952316284,0.4749999940395355,0.46050000190734863,0.47200000286102295,3218174.0
2026-04-10,0.44999998807907104,0.44999998807907104,0.46700000762939453,0.44600000977516174,0.4659999907016754,4532125.0
2026-04-13,0.4309999942779541,0.4309999942779541,0.4449999928474426,0.4300000071525574,0.4339999854564667,3354080.0
2026-04-14,0.4390000104904175,0.4390000104904175,0.44449999928474426,0.43549999594688416,0.4359999895095825,2504511.0
2026-04-15,0.4300000071525574,0.4300000071525574,0.44200000166893005,0.421999990940094,0.44200000166893005,4408820.0
2026-04-16,0.4255000054836273,0.4255000054836273,0.4429999887943268,0.4255000054836273,0.42800000309944153,4325394.0
2026-04-17,0.44600000977516174,0.44600000977516174,0.45750001072883606,0.42500001192092896,0.4350000023841858,6541663.0
2026-04-20,0.4300000071525574,0.4300000071525574,0.43799999356269836,0.4284999966621399,0.4320000112056732,3905767.0
2026-04-21,0.42750000953674316,0.42750000953674316,0.4359999895095825,0.42750000953674316,0.43299999833106995,3815001.0
2026-04-22,0.42500001192092896,0.42500001192092896,0.43149998784065247,0.4230000078678131,0.4300000071525574,1906825.0
2026-04-23,0.4169999957084656,0.4169999957084656,0.42800000309944153,0.4165000021457672,0.42800000309944153,2798540.0
2026-04-24,0.4104999899864197,0.4104999899864197,0.4189999997615814,0.4065000116825104,0.4189999997615814,2276571.0
2026-04-27,0.4350000023841858,0.4350000023841858,0.4399999976158142,0.4000000059604645,0.41600000858306885,5078262.0
2026-04-28,0.4300000071525574,0.4300000071525574,0.44699999690055847,0.4269999861717224,0.4300000071525574,3002243.0
2026-04-29,0.4440000057220459,0.4440000057220459,0.44999998807907104,0.4244999885559082,0.4300000071525574,5437967.0
2026-04-30,0.44600000977516174,0.44600000977516174,0.44999998807907104,0.4339999854564667,0.44200000166893005,3155525.0
2026-05-04,0.42800000309944153,0.42800000309944153,0.46950000524520874,0.42500001192092896,0.4505000114440918,7717740.0
2026-05-05,0.421999990940094,0.421999990940094,0.4350000023841858,0.4169999957084656,0.41999998688697815,3141215.0
2026-05-06,0.44200000166893005,0.44200000166893005,0.4465000033378601,0.421999990940094,0.421999990940094,7149871.0
2026-05-07,0.43299999833106995,0.43299999833106995,0.453000009059906,0.43299999833106995,0.4440000057220459,6615125.0
2026-05-08,0.42649999260902405,0.42649999260902405,0.43700000643730164,0.4259999990463257,0.43700000643730164,2101630.0
2026-05-11,0.4284999966621399,0.4284999966621399,0.43299999833106995,0.4255000054836273,0.4255000054836273,2151997.0
2026-05-12,0.42250001430511475,0.42250001430511475,0.4309999942779541,0.41850000619888306,0.4284999966621399,3357005.0
2026-05-13,0.42250001430511475,0.42250001430511475,0.4259999990463257,0.42250001430511475,0.42500001192092896,3806144.0
2026-05-14,0.42500001192092896,0.42500001192092896,0.42899999022483826,0.42250001430511475,0.4259999990463257,2727642.0
2026-05-15,0.41850000619888306,0.41850000619888306,0.4255000054836273,0.41350001096725464,0.4235000014305115,3840294.0
2026-05-18,0.42399999499320984,0.42399999499320984,0.42500001192092896,0.40700000524520874,0.4189999997615814,1843859.0
2026-05-19,0.4205000102519989,0.4205000102519989,0.42899999022483826,0.41600000858306885,0.42399999499320984,2117929.0
2026-05-20,0.4269999861717224,0.4269999861717224,0.4269999861717224,0.41600000858306885,0.4169999957084656,2885531.0
2026-05-21,0.4230000078678131,0.4230000078678131,0.4339999854564667,0.41749998927116394,0.41749998927116394,3086263.0
2026-05-22,0.4244999885559082,0.4244999885559082,0.4255000054836273,0.4180000126361847,0.4255000054836273,1487631.0
2026-05-25,0.44449999928474426,0.44449999928474426,0.44850000739097595,0.42500001192092896,0.42500001192092896,8375698.0
2026-05-26,0.4490000009536743,0.4490000009536743,0.45750001072883606,0.4399999976158142,0.4449999928474426,5748483.0
2026-05-27,0.43799999356269836,0.43799999356269836,0.44999998807907104,0.43650001287460327,0.4449999928474426,2977767.0
2026-05-28,0.4269999861717224,0.4269999861717224,0.43799999356269836,0.4230000078678131,0.43799999356269836,3451336.0
2026-05-29,0.43050000071525574,0.43050000071525574,0.43950000405311584,0.42800000309944153,0.42800000309944153,3156021.0
2026-06-01,0.4129999876022339,0.4129999876022339,0.43549999594688416,0.41100001335144043,0.43549999594688416,6088355.0
2026-06-02,0.40049999952316284,0.40049999952316284,0.4300000071525574,0.4000000059604645,0.4300000071525574,6832276.0
2026-06-03,0.4059999883174896,0.4059999883174896,0.40700000524520874,0.39899998903274536,0.4050000011920929,2215461.0
2026-06-04,0.4129999876022339,0.4129999876022339,0.4194999933242798,0.4020000100135803,0.4020000100135803,3228504.0
2026-06-05,0.41749998927116394,0.41749998927116394,0.4269999861717224,0.4115000069141388,0.4180000126361847,2515378.0
2026-06-08,0.4115000069141388,0.4115000069141388,0.41600000858306885,0.4050000011920929,0.40849998593330383,4142578.0
2026-06-09,0.4074999988079071,0.4074999988079071,0.4205000102519989,0.4074999988079071,0.41100001335144043,2144945.0
2026-06-10,0.41999998688697815,0.41999998688697815,0.42149999737739563,0.4025000035762787,0.4124999940395355,4299872.0
2026-06-11,0.43149998784065247,0.43149998784065247,0.4339999854564667,0.4169999957084656,0.4169999957084656,7339669.0
2026-06-12,0.4650000035762787,0.4650000035762787,0.4659999907016754,0.43299999833106995,0.43299999833106995,15130889.0
2026-06-15,0.4699999988079071,0.4699999988079071,0.4925000071525574,0.4625000059604645,0.48500001430511475,8871071.0
2026-06-16,0.46000000834465027,0.46000000834465027,0.4790000021457672,0.45100000500679016,0.4790000021457672,6251184.0
2026-06-17,0.47999998927116394,0.47999998927116394,0.4880000054836273,0.46000000834465027,0.46000000834465027,7969348.0
2026-06-18,0.4749999940395355,0.4749999940395355,0.4814999997615814,0.4634999930858612,0.4790000021457672,4918987.0
2026-06-19,0.4970000088214874,0.4970000088214874,0.4970000088214874,0.4684999883174896,0.47450000047683716,8833258.0
2026-06-22,0.527999997138977,0.527999997138977,0.5289999842643738,0.492000013589859,0.4970000088214874,11403975.0
2026-06-23,0.5299999713897705,0.5299999713897705,0.531000018119812,0.5099999904632568,0.5220000147819519,5917802.0
2026-06-24,0.515999972820282,0.515999972820282,0.531000018119812,0.515999972820282,0.5299999713897705,3937801.0
2026-06-25,0.5509999990463257,0.5509999990463257,0.5540000200271606,0.5139999985694885,0.5199999809265137,9770216.0
2026-06-26,0.5519999861717224,0.5519999861717224,0.5550000071525574,0.5440000295639038,0.5490000247955322,5991071.0
2026-06-29,0.5440000295639038,0.5440000295639038,0.5600000023841858,0.531000018119812,0.5509999990463257,9607708.0
2026-06-30,0.5289999842643738,0.5289999842643738,0.546999990940094,0.5149999856948853,0.5339999794960022,8465934.0
2026-07-01,0.5199999809265137,0.5199999809265137,0.5289999842643738,0.5149999856948853,0.5289999842643738,2839055.0
2026-07-02,0.5270000100135803,0.5270000100135803,0.5329999923706055,0.5189999938011169,0.527999997138977,2944817.0
2026-07-03,0.5440000295639038,0.5440000295639038,0.5580000281333923,0.527999997138977,0.527999997138977,7852934.0
2026-07-06,0.531000018119812,0.531000018119812,0.546999990940094,0.5239999890327454,0.546999990940094,5725132.0
2026-07-07,0.5299999713897705,0.5299999713897705,0.5379999876022339,0.5260000228881836,0.5379999876022339,2011295.0
2026-07-08,0.5019999742507935,0.5019999742507935,0.5299999713897705,0.5019999742507935,0.5270000100135803,7315801.0
2026-07-09,0.49000000953674316,0.49000000953674316,0.5120000243186951,0.4860000014305115,0.5099999904632568,6283091.0
2026-07-10,0.49000000953674316,0.49000000953674316,0.5,0.4819999933242798,0.5,2456295.0
2026-07-13,0.48750001192092896,0.48750001192092896,0.48899999260902405,0.4819999933242798,0.4819999933242798,2690575.0
2026-07-14,0.48249998688697815,0.48249998688697815,0.4894999861717224,0.4819999933242798,0.4830000102519989,1908939.0
2026-07-15,0.4724999964237213,0.4724999964237213,0.4860000014305115,0.4699999988079071,0.4819999933242798,5556434.0
2026-07-16,0.4699999988079071,0.4699999988079071,0.47600001096725464,0.4620000123977661,0.4699999988079071,3813423.0
2026-07-17,0.48500001430511475,0.48500001430511475,0.4855000078678131,0.4620000123977661,0.4650000035762787,4484954.0
2026-07-20,0.48399999737739563,0.48399999737739563,0.49000000953674316,0.4790000021457672,0.4790000021457672,3057561.0
2026-07-21,0.48750001192092896,0.48750001192092896,0.4909999966621399,0.48399999737739563,0.48500001430511475,2098166.0
2026-07-22,0.4950000047683716,0.4950000047683716,0.5059999823570251,0.4880000054836273,0.48899999260902405,4778866.0
2026-07-23,0.4805000126361847,0.4805000126361847,0.4945000112056732,0.4805000126361847,0.4945000112056732,5437741.0
2026-07-24,0.4855000078678131,0.4855000078678131,0.48649999499320984,0.4805000126361847,0.48399999737739563,1265417.0
2026-07-27,0.49799999594688416,0.49799999594688416,0.503000020980835,0.4869999885559082,0.492000013589859,5328164.0
2026-07-28,0.5019999742507935,0.5019999742507935,0.5130000114440918,0.49900001287460327,0.5,3158740.0
2026-07-29,0.47999998927116394,0.47999998927116394,0.5070000290870667,0.47999998927116394,0.49950000643730164,5791998.0
2026-07-30,0.4964999854564667,0.4964999854564667,0.49799999594688416,0.47999998927116394,0.48500001430511475,5333788.0
2026-07-31,0.4884999990463257,0.4884999990463257,0.5,0.4855000078678131,0.492000013589859,3308100.0
2026-08-03,0.5,0.5,0.5019999742507935,0.48500001430511475,0.49399998784065247,3655621.0
2026-08-04,0.4959999918937683,0.4959999918937683,0.5059999823570251,0.492000013589859,0.492000013589859,2790854.0
2026-08-05,0.49149999022483826,0.49149999022483826,0.5049999952316284,0.4909999966621399,0.5,2917804.0
2026-08-06,0.48899999260902405,0.48899999260902405,0.4959999918937683,0.48649999499320984,0.4959999918937683,2792940.0
2026-08-07,0.48500001430511475,0.48500001430511475,0.4894999861717224,0.48399999737739563,0.4884999990463257,1390128.0
2026-08-10,0.4749999940395355,0.4749999940395355,0.4855000078678131,0.4749999940395355,0.48500001430511475,6148069.0
2026-08-11,0.4779999852180481,0.4779999852180481,0.48500001430511475,0.4724999964237213,0.47749999165534973,4623762.0
2026-08-12,0.4925000071525574,0.4925000071525574,0.4959999918937683,0.47999998927116394,0.48249998688697815,5405328.0
2026-08-13,0.49300000071525574,0.49300000071525574,0.4970000088214874,0.4880000054836273,0.49300000071525574,2909139.0
2026-08-14,0.49050000309944153,0.49050000309944153,0.49399998784065247,0.48899999260902405,0.48899999260902405,2371582.0
2026-08-17,0.4884999990463257,0.4884999990463257,0.4950000047683716,0.4869999885559082,0.4950000047683716,1584518.0
2026-08-18,0.48899999260902405,0.48899999260902405,0.4970000088214874,0.48649999499320984,0.49000000953674316,4240476.0
2026-08-19,0.48100000619888306,0.48100000619888306,0.49000000953674316,0.47999998927116394,0.4880000054836273,3979950.0
2026-08-20,0.47600001096725464,0.47600001096725464,0.4830000102519989,0.4740000069141388,0.47999998927116394,3712065.0
2026-08-21,0.47999998927116394,0.47999998927116394,0.4830000102519989,0.47699999809265137,0.47999998927116394,3420548.0
2026-08-24,0.4805000126361847,0.4805000126361847,0.4860000014305115,0.47450000047683716,0.4805000126361847,4149012.0
2026-08-25,0.47999998927116394,0.47999998927116394,0.48899999260902405,0.47999998927116394,0.4830000102519989,6420282.0
2026-08-26,0.4779999852180481,0.4779999852180481,0.4860000014305115,0.4779999852180481,0.4860000014305115,7838276.0
2026-08-27,0.47999998927116394,0.47999998927116394,0.4855000078678131,0.476500004529953,0.47999998927116394,7327680.0
2026-08-28,0.47850000858306885,0.47850000858306885,0.4860000014305115,0.4779999852180481,0.48399999737739563,4845060.0
2026-08-31,0.4754999876022339,0.4754999876022339,0.4805000126361847,0.4740000069141388,0.4779999852180481,6850623.0
2026-09-01,0.48100000619888306,0.48100000619888306,0.48350000381469727,0.47600001096725464,0.47749999165534973,7453893.0
2026-09-02,0.4814999997615814,0.4814999997615814,0.4869999885559082,0.4790000021457672,0.48350000381469727,3719996.0
2026-09-03,0.4830000102519989,0.4830000102519989,0.4884999990463257,0.4819999933242798,0.4830000102519989,3285718.0
2026-09-04,0.4819999933242798,0.4819999933242798,0.4909999966621399,0.4805000126361847,0.4814999997615814,5986343.0
2026-09-07,,,0.48500001430511475,0.47600001096725464,0.4814999997615814,4937531.0
